,Nome,Co,Fe,Ni,Si,Al,Cr,Mo,Nb,Ti,C,V,Zr,Mn,Cu,B,Y,Sn,Li,Mg,Zn,Sc,Hf,Ta,W,Ref.,Type of phases,r# (g/cm3),HV,Type of tests,sy (MPa),smax (MPa),e (%),E# (GPa)
0,CoFeNi,33.33333333,33.33333333,33.33333333,,,,,,,,,,,,,,,,,,,,,,4,FCC,8.5,125,C,204,,,207
1,CoFeNi,33.33333333,33.33333333,33.33333333,,,,,,,,,,,,,,,,,,,,,,4,FCC,8.5,125,C,209,,,207
2,CoFeNi,33.33333333,33.33333333,33.33333333,,,,,,,,,,,,,,,,,,,,,,5,FCC,8.5,,T,211,513,31,207
3,CoFeNiSi0.25,30.76923077,30.76923077,30.76923077,7.692307692,,,,,,,,,,,,,,,,,,,,,4,FCC,7.7,149,C,196,,,194
4,CoFeNiSi0.5,28.57142857,28.57142857,28.57142857,14.28571429,,,,,,,,,,,,,,,,,,,,,4,FCC + Im,7.1,287,C,476,,,
5,CoFeNiSi0.75,26.66666667,26.66666667,26.66666667,20,,,,,,,,,,,,,,,,,,,,,4,FCC + Im,6.6,570,C,1301,,,
6,Al0.25CoFeNi,30.76923077,30.76923077,30.76923077,,7.692307692,,,,,,,,,,,,,,,,,,,,4,FCC,7.9,138,C,158,,,196
7,Al0.5CoFeNi,28.57142857,28.57142857,28.57142857,,14.28571429,,,,,,,,,,,,,,,,,,,,4,FCC + BCC,7.4,212,C,346,,,187
8,Al0.75CoFeNi,26.66666667,26.66666667,26.66666667,,20,,,,,,,,,,,,,,,,,,,,4,FCC + BCC,7.0,385,C,794,,,179
9,CoCrFeNi,25,25,25,,,25,,,,,,,,,,,,,,,,,,,6,FCC,8.2,,T,148,413,48,225
10,CoCrFeNi,25,25,25,,,25,,,,,,,,,,,,,,,,,,,7,FCC,8.2,116,,,,,225
11,CoCrFeNi,25,25,25,,,25,,,,,,,,,,,,,,,,,,,7,FCC,8.2,113,,,,,225
12,CoCrFeMo0.5Ni,22.22222222,22.22222222,22.22222222,,,22.22222222,11.11111111,,,,,,,,,,,,,,,,,,8,FCC + Im,8.5,210,,,,,
13,CoCrFeNb0.103Ni,24.37241043,24.37241043,24.37241043,,,24.37241043,,2.510358274,,,,,,,,,,,,,,,,,6,FCC + Im,8.2,,T,318,622,19,
14,CoCrFeNb0.155Ni,24.06738869,24.06738869,24.06738869,,,24.06738869,,3.730445247,,,,,,,,,,,,,,,,,6,FCC + Im,8.2,,T,322,744,23,
15,CoCrFeNb0.206Ni,23.77555873,23.77555873,23.77555873,,,23.77555873,,4.897765097,,,,,,,,,,,,,,,,,6,FCC + Im,8.2,,T,403,807,9,
16,CoCrFeNb0.309Ni,23.20724066,23.20724066,23.20724066,,,23.20724066,,7.171037364,,,,,,,,,,,,,,,,,6,FCC + Im,8.2,,T,479,879,4,
17,CoCrFeNb0.412Ni,22.66545784,22.66545784,22.66545784,,,22.66545784,,9.338168631,,,,,,,,,,,,,,,,,6,FCC + Im,8.2,,T,638,1004,1,
18,CoCrFeNiTi,20,20,20,,,20,,,20,,,,,,,,,,,,,,,,9,FCC,7.2,,C,,2020,9,135
19,Co1.5CrFeNi1.5Ti0.5,27.27272727,18.18181818,27.27272727,,,18.18181818,,,9.090909091,,,,,,,,,,,,,,,,10,FCC,7.8,509,,,,,211
20,Co1.5CrFeNi1.5Ti,25,16.66666667,25,,,16.66666667,,,16.66666667,,,,,,,,,,,,,,,,10,FCC + Im,7.4,654,,,,,
21,Al0.25CoCrFeNi,23.52941176,23.52941176,23.52941176,,5.882352941,23.52941176,,,,,,,,,,,,,,,,,,,7,FCC,7.7,110,,,,,216
22,Al0.25CoCrFeNi,23.52941176,23.52941176,23.52941176,,5.882352941,23.52941176,,,,,,,,,,,,,,,,,,,7,FCC,7.7,113,,,,,216
23,Al0.375CoCrFeNi,22.85714286,22.85714286,22.85714286,,8.571428571,22.85714286,,,,,,,,,,,,,,,,,,,7,FCC,7.5,131,,,,,211
24,Al0.375CoCrFeNi,22.85714286,22.85714286,22.85714286,,8.571428571,22.85714286,,,,,,,,,,,,,,,,,,,7,FCC,7.5,196,,,,,211
25,Al0.5CoCrFeNi,22.22222222,22.22222222,22.22222222,,11.11111111,22.22222222,,,,,,,,,,,,,,,,,,,7,FCC + BCC,7.3,159,,,,,208
26,Al0.5CoCrFeNi,22.22222222,22.22222222,22.22222222,,11.11111111,22.22222222,,,,,,,,,,,,,,,,,,,7,FCC + BCC,7.3,209,,,,,208
27,Al0.7Co0.3CrFeNi,7.5,25,25,,17.5,25,,,,,,,,,,,,,,,,,,,11,FCC + BCC + B2,6.8,624,C,2033,2635,8,
28,Al0.75CoCrFeNi,21.05263158,21.05263158,21.05263158,,15.78947368,21.05263158,,,,,,,,,,,,,,,,,,,7,FCC + BCC,7.0,388,,,,,200
29,Al0.75CoCrFeNi,21.05263158,21.05263158,21.05263158,,15.78947368,21.05263158,,,,,,,,,,,,,,,,,,,7,FCC + BCC,7.0,280,,,,,200
30,Al0.875CoCrFeNi,20.51282051,20.51282051,20.51282051,,17.94871795,20.51282051,,,,,,,,,,,,,,,,,,,12,FCC + BCC,6.9,,,,,,197
31,Al0.875CoCrFeNi,20.51282051,20.51282051,20.51282051,,17.94871795,20.51282051,,,,,,,,,,,,,,,,,,,7,BCC,6.9,538,,,,,197
32,Al0.875CoCrFeNi,20.51282051,20.51282051,20.51282051,,17.94871795,20.51282051,,,,,,,,,,,,,,,,,,,7,FCC + BCC,6.9,361,,,,,197
33,AlCoCrFeNi,20,20,20,,20,20,,,,,,,,,,,,,,,,,,,7,BCC,6.7,484,,,,,194
34,AlCoCrFeNi,20,20,20,,20,20,,,,,,,,,,,,,,,,,,,7,FCC + BCC,6.7,433,,,,,194
35,AlCoCrFeNi,20,20,20,,20,20,,,,,,,,,,,,,,,,,,,13,BCC,6.7,395,,,,,194
36,AlCoCrFeNi,20,20,20,,20,20,,,,,,,,,,,,,,,,,,,14,BCC,6.7,,C,1251,2004,33,194
37,AlCoCrFeNi,20,20,20,,20,20,,,,,,,,,,,,,,,,,,,15,BCC,6.7,,C,1051,,,194
38,AlCoCrFeNi,20,20,20,,20,20,,,,,,,,,,,,,,,,,,,16,BCC,6.7,,C,1110,,,194
39,AlCoCrFeNi,20,20,20,,20,20,,,,,,,,,,,,,,,,,,,17,BCC,6.7,,C,1138,,,125
40,AlCoCrFeNi,20,20,20,,20,20,,,,,,,,,,,,,,,,,,,18,BCC,6.7,,C,1138,,11,125
41,AlCoCrFeNi,20,20,20,,20,20,,,,,,,,,,,,,,,,,,,19,BCC,6.7,,C,1051,,,194
42,AlCoCrFeNi,20,20,20,,20,20,,,,,,,,,,,,,,,,,,,20,BCC,6.7,520,C,1373,3531,25,194
43,Al1.25CoCrFeNi,19.04761905,19.04761905,19.04761905,,23.80952381,19.04761905,,,,,,,,,,,,,,,,,,,7,BCC,6.5,487,,,,,188
44,Al1.25CoCrFeNi,19.04761905,19.04761905,19.04761905,,23.80952381,19.04761905,,,,,,,,,,,,,,,,,,,7,BCC,6.5,499,,,,,188
45,Al1.5CoCrFeNi,18.18181818,18.18181818,18.18181818,,27.27272727,18.18181818,,,,,,,,,,,,,,,,,,,7,BCC,6.2,484,,,,,183
46,Al1.5CoCrFeNi,18.18181818,18.18181818,18.18181818,,27.27272727,18.18181818,,,,,,,,,,,,,,,,,,,7,BCC,6.2,517,,,,,183
47,Al1.5CoCrFeNi,18.18181818,18.18181818,18.18181818,,27.27272727,18.18181818,,,,,,,,,,,,,,,,,,,13,BCC,6.2,402,,,,,183
48,Al2CoCrFeNi,16.66666667,16.66666667,16.66666667,,33.33333333,16.66666667,,,,,,,,,,,,,,,,,,,7,BCC,5.9,509,,,,,173
49,Al2CoCrFeNi,16.66666667,16.66666667,16.66666667,,33.33333333,16.66666667,,,,,,,,,,,,,,,,,,,7,BCC,5.9,512,,,,,173
50,Al2CoCrFeNi,16.66666667,16.66666667,16.66666667,,33.33333333,16.66666667,,,,,,,,,,,,,,,,,,,13,BCC,5.9,432,,,,,173
51,Al2.5CoCrFeNi,15.38461538,15.38461538,15.38461538,,38.46153846,15.38461538,,,,,,,,,,,,,,,,,,,13,BCC,5.6,487,,,,,165
52,Al3CoCrFeNi,14.28571429,14.28571429,14.28571429,,42.85714286,14.28571429,,,,,,,,,,,,,,,,,,,13,BCC,5.3,506,,,,,158
53,AlC0.1CoCrFeNi,19.60784314,19.60784314,19.60784314,,19.60784314,19.60784314,,,,1.960784314,,,,,,,,,,,,,,,18,BCC + Im,6.7,,C,957,2550,11,213
54,AlC0.2CoCrFeNi,19.23076923,19.23076923,19.23076923,,19.23076923,19.23076923,,,,3.846153846,,,,,,,,,,,,,,,18,BCC + Im,6.8,,C,906,2386,9,151
55,AlC0.3CoCrFeNi,18.86792453,18.86792453,18.86792453,,18.86792453,18.86792453,,,,5.660377358,,,,,,,,,,,,,,,18,BCC + Im,6.8,,C,867,2178,8,137
56,AlC0.4CoCrFeNi,18.51851852,18.51851852,18.51851852,,18.51851852,18.51851852,,,,7.407407407,,,,,,,,,,,,,,,18,BCC + Im,6.8,,C,1056,2375,7,156
57,AlC0.5CoCrFeNi,18.18181818,18.18181818,18.18181818,,18.18181818,18.18181818,,,,9.090909091,,,,,,,,,,,,,,,18,BCC + Im,6.8,,C,1060,2250,6,181
58,AlCCoCrFeNi,16.66666667,16.66666667,16.66666667,,16.66666667,16.66666667,,,,16.66666667,,,,,,,,,,,,,,,18,BCC + Im,6.9,,C,1251,2166,7,75
59,AlC1.5CoCrFeNi,15.38461538,15.38461538,15.38461538,,15.38461538,15.38461538,,,,23.07692308,,,,,,,,,,,,,,,18,BCC + Im,7.0,,C,1255,2083,6,73
60,Al0.5CoCrFeMo0.5Ni,20,20,20,,10,20,10,,,,,,,,,,,,,,,,,,8,FCC + Im,7.7,425,,,,,
61,AlCo0.5CrFeMo0.5Ni,10,20,20,,20,20,10,,,,,,,,,,,,,,,,,,21,BCC + Im,7.0,801,,,,,
62,AlCoCrFe0.5Mo0.5Ni,20,10,20,,20,20,10,,,,,,,,,,,,,,,,,,22,BCC + Im,7.0,755,,,,,
63,AlCoCrFe0.6Mo0.5Ni,19.60784314,11.76470588,19.60784314,,19.60784314,19.60784314,9.803921569,,,,,,,,,,,,,,,,,,22,BCC + Im,7.1,754,,,,,
64,AlCoCrFeMo0.1Ni,19.60784314,19.60784314,19.60784314,,19.60784314,19.60784314,1.960784314,,,,,,,,,,,,,,,,,,19,BCC,6.8,,C,1804,2280,9,196
65,AlCoCrFeMo0.2Ni,19.23076923,19.23076923,19.23076923,,19.23076923,19.23076923,3.846153846,,,,,,,,,,,,,,,,,,19,BCC + Im,6.9,,C,2456,2953,3,
66,AlCoCrFeMo0.3Ni,18.86792453,18.86792453,18.86792453,,18.86792453,18.86792453,5.660377358,,,,,,,,,,,,,,,,,,19,BCC + Im,7.0,,C,2649,3208,3,
67,AlCoCrFeMo0.4Ni,18.51851852,18.51851852,18.51851852,,18.51851852,18.51851852,7.407407407,,,,,,,,,,,,,,,,,,19,BCC + Im,7.0,,C,2670,3161,3,
68,AlCoCrFeMo0.5Ni0.5,20,20,10,,20,20,10,,,,,,,,,,,,,,,,,,23,B2 + Im,7.0,708,,,,,
69,AlCoCrFeMo0.5Ni,18.18181818,18.18181818,18.18181818,,18.18181818,18.18181818,9.090909091,,,,,,,,,,,,,,,,,,19,BCC + Im,7.1,,C,2757,3036,3,
70,AlCoCrFeMo0.5Ni,18.18181818,18.18181818,18.18181818,,18.18181818,18.18181818,9.090909091,,,,,,,,,,,,,,,,,,21,BCC + Im,7.1,796,,,,,
71,AlCoCrFeMo0.5Ni,18.18181818,18.18181818,18.18181818,,18.18181818,18.18181818,9.090909091,,,,,,,,,,,,,,,,,,8,BCC + Im,7.1,715,,,,,
72,AlCoCrFeMo0.5Ni,18.18181818,18.18181818,18.18181818,,18.18181818,18.18181818,9.090909091,,,,,,,,,,,,,,,,,,23,B2 + Im,7.1,730,,,,,
73,AlCoCrFeMo0.5Ni1.5,16.66666667,16.66666667,25,,16.66666667,16.66666667,8.333333333,,,,,,,,,,,,,,,,,,23,FCC + B2 + Im,7.2,586,,,,,
74,AlCoCrFeMo0.5Ni2,15.38461538,15.38461538,30.76923077,,15.38461538,15.38461538,7.692307692,,,,,,,,,,,,,,,,,,23,FCC + B2 + Im,7.4,395,,,,,
75,AlCo1.5CrFeMo0.5Ni,25,16.66666667,16.66666667,,16.66666667,16.66666667,8.333333333,,,,,,,,,,,,,,,,,,21,BCC + Im,7.2,741,,,,,
76,AlCo2CrFeMo0.5Ni,30.76923077,15.38461538,15.38461538,,15.38461538,15.38461538,7.692307692,,,,,,,,,,,,,,,,,,21,FCC + BCC + Im,7.3,586,,,,,
77,AlCoCrFe1.5Mo0.5Ni,16.66666667,25,16.66666667,,16.66666667,16.66666667,8.333333333,,,,,,,,,,,,,,,,,,22,BCC + Im,7.2,635,,,,,
78,AlCoCrFe2Mo0.5Ni,15.38461538,30.76923077,15.38461538,,15.38461538,15.38461538,7.692307692,,,,,,,,,,,,,,,,,,22,BCC + Im,7.2,639,,,,,
79,Al1.5CoCrFeMo0.5Ni,16.66666667,16.66666667,16.66666667,,25,16.66666667,8.333333333,,,,,,,,,,,,,,,,,,8,BCC + Im,6.6,655,,,,,
80,Al2CoCrFeMo0.5Ni,15.38461538,15.38461538,15.38461538,,30.76923077,15.38461538,7.692307692,,,,,,,,,,,,,,,,,,8,BCC,6.3,605,,,,,185
81,AlCoCrFeNb0.1Ni,19.60784314,19.60784314,19.60784314,,19.60784314,19.60784314,,1.960784314,,,,,,,,,,,,,,,,,20,BCC,6.8,569,C,1641,3285,17,192
82,AlCoCrFeNb0.25Ni,19.04761905,19.04761905,19.04761905,,19.04761905,19.04761905,,4.761904762,,,,,,,,,,,,,,,,,20,BCC + Im,6.8,668,C,1959,3008,11,
83,AlCoCrFeNb0.5Ni,18.18181818,18.18181818,18.18181818,,18.18181818,18.18181818,,9.090909091,,,,,,,,,,,,,,,,,20,BCC + Im,7.0,747,C,2473,3170,4,
84,AlCoCrFeNb0.75Ni,17.39130435,17.39130435,17.39130435,,17.39130435,17.39130435,,13.04347826,,,,,,,,,,,,,,,,,20,BCC + Im,7.0,,,,,,
85,AlCoCrFeNiSi0.2,19.23076923,19.23076923,19.23076923,3.846153846,19.23076923,19.23076923,,,,,,,,,,,,,,,,,,,24,BCC,6.5,,C,1265,2173,14,188
86,AlCoCrFeNiSi0.4,18.51851852,18.51851852,18.51851852,7.407407407,18.51851852,18.51851852,,,,,,,,,,,,,,,,,,,24,BCC,6.2,,C,1481,2444,13,183
87,AlCoCrFeNiSi0.6,17.85714286,17.85714286,17.85714286,10.71428571,17.85714286,17.85714286,,,,,,,,,,,,,,,,,,,24,BCC,6.0,,C,1834,2195,3,178
88,AlCoCrFeNiSi0.8,17.24137931,17.24137931,17.24137931,13.79310345,17.24137931,17.24137931,,,,,,,,,,,,,,,,,,,24,BCC + Im,5.8,,C,2179,2664,2,
89,AlCoCrFeNi,20,20,20,,20,20,,,,,,,,,,,,,,,,,,,24,BCC,5.7,,C,1110,,,169
90,AlCoCrFeNiSi,16.66666667,16.66666667,16.66666667,16.66666667,16.66666667,16.66666667,,,,,,,,,,,,,,,,,,,24,BCC + Im,5.7,,C,2411,2950,1,
91,Al0.2Co1.5CrFeNi1.5Ti0.5,26.31578947,17.54385965,26.31578947,,3.50877193,17.54385965,,,8.771929825,,,,,,,,,,,,,,,,10,FCC,7.6,487,,,,,206
92,Al0.2Co1.5CrFeNi1.5Ti,24.19354839,16.12903226,24.19354839,,3.225806452,16.12903226,,,16.12903226,,,,,,,,,,,,,,,,10,FCC + Im,7.2,717,,,,,
93,Al0.5CoCrFeNiTi,18.18181818,18.18181818,18.18181818,,9.090909091,18.18181818,,,18.18181818,,,,,,,,,,,,,,,,9,BCC + Im,6.6,,C,,1600,10,107
94,AlCoCrFeNiTi0.5,18.18181818,18.18181818,18.18181818,,18.18181818,18.18181818,,,9.090909091,,,,,,,,,,,,,,,,25,FCC,6.4,178,C,2040,3135,24,72
95,AlCoCrFeNiTi0.5,18.18181818,18.18181818,18.18181818,,18.18181818,18.18181818,,,9.090909091,,,,,,,,,,,,,,,,26,BCC,6.4,178,C,2260,3140,23,178
96,AlCoCrFeNiTi,16.66666667,16.66666667,16.66666667,,16.66666667,16.66666667,,,16.66666667,,,,,,,,,,,,,,,,26,BCC,6.2,,C,1860,2580,9,90
97,AlCoCrFeNiTi,16.66666667,16.66666667,16.66666667,,16.66666667,16.66666667,,,16.66666667,,,,,,,,,,,,,,,,9,BCC + Im,6.2,,C,,2280,6,148
98,AlCoCrFeNiTi1.5,15.38461538,15.38461538,15.38461538,,15.38461538,15.38461538,,,23.07692308,,,,,,,,,,,,,,,,26,BCC + Im,6.1,,C,2220,2720,5,160
99,Al1.5CoCrFeNiTi,15.38461538,15.38461538,15.38461538,,23.07692308,15.38461538,,,15.38461538,,,,,,,,,,,,,,,,9,BCC,5.9,,C,,2110,10,133
100,Al2CoCrFeNiTi,14.28571429,14.28571429,14.28571429,,28.57142857,14.28571429,,,14.28571429,,,,,,,,,,,,,,,,9,BCC,5.6,643,C,,1030,5,94
101,AlCoCrFeNiTiVZr,12.5,12.5,12.5,,12.5,12.5,,,12.5,,12.5,12.5,,,,,,,,,,,,,27,,6.3,780,,,,,
102,CoCrFeMnNi,20,20,20,,,20,,,,,,,20,,,,,,,,,,,,28,FCC,8.0,176,T,208,,62,219
103,CoCrFeMnNi,20,20,20,,,20,,,,,,,20,,,,,,,,,,,,29,FCC,8.0,144,C,230,,75,219
104,CoCrFeMnNiV0.25,19.04761905,19.04761905,19.04761905,,,19.04761905,,,,,4.761904762,,19.04761905,,,,,,,,,,,,29,FCC,7.9,151,C,200,,75,215
105,CoCrFeMnNiV0.5,18.18181818,18.18181818,18.18181818,,,18.18181818,,,,,9.090909091,,18.18181818,,,,,,,,,,,,29,FCC,7.8,186,C,620,,75,211
106,CoCrFeMnNiV0.75,17.39130435,17.39130435,17.39130435,,,17.39130435,,,,,13.04347826,,17.39130435,,,,,,,,,,,,29,FCC + Im,7.7,342,C,740,1325,8,
107,CoCrFeMnNiV1.0,16.66666667,16.66666667,16.66666667,,,16.66666667,,,,,16.66666667,,16.66666667,,,,,,,,,,,,29,FCC + Im,7.7,650,C,1660,1845,< 1,
108,Al0.10CoCrFeMnNi,19.60784314,19.60784314,19.60784314,,1.960784314,19.60784314,,,,,,,19.60784314,,,,,,,,,,,,28,FCC,7.9,180,,,,,216
109,Al0.20CoCrFeMnNi,19.23076923,19.23076923,19.23076923,,3.846153846,19.23076923,,,,,,,19.23076923,,,,,,,,,,,,28,FCC,7.7,171,T,220,,56,214
110,Al0.38CoCrFeMnNi,18.58736059,18.58736059,18.58736059,,7.063197026,18.58736059,,,,,,,18.58736059,,,,,,,,,,,,28,FCC,7.5,182,T,244,,45,209
111,Al0.43CoCrFeMnNi,18.41620626,18.41620626,18.41620626,,7.918968692,18.41620626,,,,,,,18.41620626,,,,,,,,,,,,28,FCC + BCC,7.4,183,T,285,,35,208
112,Al0.49CoCrFeMnNi,18.21493625,18.21493625,18.21493625,,8.925318761,18.21493625,,,,,,,18.21493625,,,,,,,,,,,,28,FCC + BCC,7.4,220,T,331,,29,206
113,Al0.56CoCrFeMnNi,17.98561151,17.98561151,17.98561151,,10.07194245,17.98561151,,,,,,,17.98561151,,,,,,,,,,,,28,FCC + BCC,7.3,278,T,526,,16,204
114,Al0.62CoCrFeMnNi,17.79359431,17.79359431,17.79359431,,11.03202847,17.79359431,,,,,,,17.79359431,,,,,,,,,,,,28,FCC + BCC,7.2,405,T,833,,5,203
115,Al0.68CoCrFeMnNi,17.6056338,17.6056338,17.6056338,,11.97183099,17.6056338,,,,,,,17.6056338,,,,,,,,,,,,28,FCC + BCC,7.2,486,,,,,202
116,Al0.75CoCrFeMnNi,17.39130435,17.39130435,17.39130435,,13.04347826,17.39130435,,,,,,,17.39130435,,,,,,,,,,,,28,FCC + BCC,7.1,530,,,,,200
117,Al0.81CoCrFeMnNi,17.21170396,17.21170396,17.21170396,,13.94148021,17.21170396,,,,,,,17.21170396,,,,,,,,,,,,28,FCC + BCC,7.0,539,,,,,199
118,Al0.88CoCrFeMnNi,17.00680272,17.00680272,17.00680272,,14.96598639,17.00680272,,,,,,,17.00680272,,,,,,,,,,,,28,FCC + BCC,7.0,533,,,,,197
119,Al0.95CoCrFeMnNi,16.80672269,16.80672269,16.80672269,,15.96638655,16.80672269,,,,,,,16.80672269,,,,,,,,,,,,28,FCC + BCC,6.9,535,,,,,196
120,Al1.25CoCrFeMnNi,16,16,16,,20,16,,,,,,,16,,,,,,,,,,,,28,BCC,6.6,539,,,,,190
121,CoCrNi,33.33333333,,33.33333333,,,33.33333333,,,,,,,,,,,,,,,,,,,5,FCC,8.3,,T,300,860,60,229
122,CoMnNi,33.33333333,,33.33333333,,,,,,,,,,33.33333333,,,,,,,,,,,,5,FCC,8.4,,T,231,653,38,202
123,FeMnNi,,33.33333333,33.33333333,,,,,,,,,,33.33333333,,,,,,,,,,,,5,FCC,8.1,,T,221,602,36,203
124,CoCrFeNi,25,25,25,,,25,,,,,,,,,,,,,,,,,,,5,FCC,8.2,,T,274,708,39,225
125,CoCrMnNi,25,,25,,,25,,,,,,,25,,,,,,,,,,,,5,FCC,8.1,,T,282,694,44,222
126,CoFeMnNi,25,25,25,,,,,,,,,,25,,,,,,,,,,,,5,FCC,8.2,,T,170,550,41,205
127,Al0.5CrFe1.5MnNi0.5,,33.33333333,11.11111111,,11.11111111,22.22222222,,,,,,,22.22222222,,,,,,,,,,,,30,BCC,7.0,396,,,,,206
128,Al0.3CrFe1.5MnNi0.5,,34.88372093,11.62790698,,6.976744186,23.25581395,,,,,,,23.25581395,,,,,,,,,,,,30,FCC + BCC,7.2,297,,,,,213
129,AlCoCrFeMo0.5,22.22222222,22.22222222,,,22.22222222,22.22222222,11.11111111,,,,,,,,,,,,,,,,,,23,B2 + Im,6.8,857,,,,,
130,AlCrFeNi,,25,25,,25,25,,,,,,,,,,,,,,,,,,,31,BCC + B2,6.3,472,C,1406,2927,29,190
131,AlCrFeNiMo0.2,,23.80952381,23.80952381,,23.80952381,23.80952381,4.761904762,,,,,,,,,,,,,,,,,,31,BCC + B2,6.5,549,C,1487,3222,29,197
132,AlCrFeNiMo0.5,,22.22222222,22.22222222,,22.22222222,22.22222222,11.11111111,,,,,,,,,,,,,,,,,,31,BCC + B2,6.8,622,C,1749,2644,13,205
133,AlCrFeNiMo0.8,,20.83333333,20.83333333,,20.83333333,20.83333333,16.66666667,,,,,,,,,,,,,,,,,,31,B2 + Im,7.0,854,C,1513,1513,< 1,
134,AlCrFeNiMo,,20,20,,20,20,20,,,,,,,,,,,,,,,,,,31,B2 + Im,7.2,905,,,,,
135,CoCrCuFe,25,25,,,,25,,,,,,,,25,,,,,,,,,,,32,FCC,8.2,134,,,,,206
136,Al0.3CoCrCuFe,23.25581395,23.25581395,,,6.976744186,23.25581395,,,,,,,,23.25581395,,,,,,,,,,,32,FCC,7.7,180,,,,,194
137,Al0.5CoCrCuFe,22.22222222,22.22222222,,,11.11111111,22.22222222,,,,,,,,22.22222222,,,,,,,,,,,32,FCC,7.4,207,,,,,187
138,Al0.8CoCrCuFe,20.83333333,20.83333333,,,16.66666667,20.83333333,,,,,,,,20.83333333,,,,,,,,,,,32,FCC + BCC,7.0,271,,,,,177
139,AlCoCrCuFe,20,20,,,20,20,,,,,,,,20,,,,,,,,,,,32,FCC + BCC,6.8,407,,,,,172
140,Al1.3CoCrCuFe,18.86792453,18.86792453,,,24.52830189,18.86792453,,,,,,,,18.86792453,,,,,,,,,,,32,FCC + BCC,6.5,476,,,,,165
141,Al1.5CoCrCuFe,18.18181818,18.18181818,,,27.27272727,18.18181818,,,,,,,,18.18181818,,,,,,,,,,,32,FCC + BCC,6.3,510,,,,,167
142,Al1.8CoCrCuFe,17.24137931,17.24137931,,,31.03448276,17.24137931,,,,,,,,17.24137931,,,,,,,,,,,32,FCC + BCC,6.0,557,,,,,155
143,Al2.0CoCrCuFe,16.66666667,16.66666667,,,33.33333333,16.66666667,,,,,,,,16.66666667,,,,,,,,,,,32,FCC + BCC,5.9,567,,,,,152
144,Al2.3CoCrCuFe,15.87301587,15.87301587,,,36.50793651,15.87301587,,,,,,,,15.87301587,,,,,,,,,,,32,FCC + BCC,5.7,603,,,,,147
145,Al2.5CoCrCuFe,15.38461538,15.38461538,,,38.46153846,15.38461538,,,,,,,,15.38461538,,,,,,,,,,,32,FCC + BCC,5.6,624,,,,,144
146,Al2.8CoCrCuFe,14.70588235,14.70588235,,,41.17647059,14.70588235,,,,,,,,14.70588235,,,,,,,,,,,32,BCC,5.5,657,,,,,140
147,Al3.0CoCrCuFe,14.28571429,14.28571429,,,42.85714286,14.28571429,,,,,,,,14.28571429,,,,,,,,,,,32,BCC,5.4,644,,,,,138
148,CoCrCu0.5FeNi,22.22222222,22.22222222,22.22222222,,,22.22222222,,,,,,,,11.11111111,,,,,,,,,,,33,FCC,8.3,172,,,,,214
149,CoCrCuFeNi,20,20,20,,,20,,,,,,,,20,,,,,,,,,,,34,FCC,8.3,132,C,230,,,56
150,CoCrCuFeNi,20,20,20,,,20,,,,,,,,20,,,,,,,,,,,45,FCC,8.3,286,C,230,888,51,56
151,CoCrCuFeNi,20,20,20,,,20,,,,,,,,20,,,,,,,,,,,13,FCC,8.3,286,,,,,206
152,CoCrCuFeNiTi0.5,18.18181818,18.18181818,18.18181818,,,18.18181818,,,9.090909091,,,,,18.18181818,,,,,,,,,,,25,FCC,7.8,,C,700,1650,29,93
153,CoCrCuFeNiTi0.5,18.18181818,18.18181818,18.18181818,,,18.18181818,,,9.090909091,,,,,18.18181818,,,,,,,,,,,35,FCC,7.8,,C,700,1650,22,99
154,CoCrCuFeNiTi0.8,17.24137931,17.24137931,17.24137931,,,17.24137931,,,13.79310345,,,,,17.24137931,,,,,,,,,,,35,FCC + Im,7.6,,C,1042,1848,3,128
155,CoCrCuFeNiTi,16.66666667,16.66666667,16.66666667,,,16.66666667,,,16.66666667,,,,,16.66666667,,,,,,,,,,,35,FCC,7.4,,C,1272,1272,2,77
156,Al0.25CoCrCu0.5FeNiTi0.5,19.04761905,19.04761905,19.04761905,,4.761904762,19.04761905,,,9.523809524,,,,,9.523809524,,,,,,,,,,,25,FCC,7.4,,,,,,198
157,Al0.25CoCrCu0.75FeNiTi0.5,18.18181818,18.18181818,18.18181818,,4.545454545,18.18181818,,,9.090909091,,,,,13.63636364,,,,,,,,,,,25,FCC,7.5,,C,750,1970,39,103
158,Al0.3CoCrCuFeNi,18.86792453,18.86792453,18.86792453,,5.660377358,18.86792453,,,,,,,,18.86792453,,,,,,,,,,,34,FCC,7.9,180,,,,,198
159,Al0.5CoCrCuFeNi,18.18181818,18.18181818,18.18181818,,9.090909091,18.18181818,,,,,,,,18.18181818,,,,,,,,,,,34,FCC,7.6,210,C,388,,,193
160,Al0.5CoCrCuFeNi,18.18181818,18.18181818,18.18181818,,9.090909091,18.18181818,,,,,,,,18.18181818,,,,,,,,,,,36,,7.6,300,,,,,193
161,Al0.5CoCrCuFeNi,18.18181818,18.18181818,18.18181818,,9.090909091,18.18181818,,,,,,,,18.18181818,,,,,,,,,,,37,FCC,7.6,225,,,,,193
162,Al0.5CoCrCuFeNi,18.18181818,18.18181818,18.18181818,,9.090909091,18.18181818,,,,,,,,18.18181818,,,,,,,,,,,38,FCC,7.6,215,,,,,193
163,Al0.8CoCrCuFeNi,17.24137931,17.24137931,17.24137931,,13.79310345,17.24137931,,,,,,,,17.24137931,,,,,,,,,,,21,FCC + BCC,7.3,270,,,,,187
164,Al0.8CoCrCuFeNi,17.24137931,17.24137931,17.24137931,,13.79310345,17.24137931,,,,,,,,17.24137931,,,,,,,,,,,34,FCC,7.3,270,,,,,187
165,AlCoCrCuFeNi,16.66666667,16.66666667,16.66666667,,16.66666667,16.66666667,,,,,,,,16.66666667,,,,,,,,,,,34,FCC + BCC,7.1,406,C,950,,,183
166,AlCoCrCuFeNi,16.66666667,16.66666667,16.66666667,,16.66666667,16.66666667,,,,,,,,16.66666667,,,,,,,,,,,39,FCC + BCC,7.1,472,,,,,184
167,AlCoCrCuFeNi,16.66666667,16.66666667,16.66666667,,16.66666667,16.66666667,,,,,,,,16.66666667,,,,,,,,,,,40,FCC + BCC,7.1,,C,1303,,24,183
168,AlCoCrCuFeMnNi,14.28571429,14.28571429,14.28571429,,14.28571429,14.28571429,,,,,,,14.28571429,14.28571429,,,,,,,,,,,40,FCC + BCC + Im,7.1,,C,1005,,15,
169,AlCoCrCuFeNiTi,14.28571429,14.28571429,14.28571429,,14.28571429,14.28571429,,,14.28571429,,,,,14.28571429,,,,,,,,,,,40,FCC + BCC,6.6,,C,1234,,9,174
170,AlCoCrCuFeNiV,14.28571429,14.28571429,14.28571429,,14.28571429,14.28571429,,,,,14.28571429,,,14.28571429,,,,,,,,,,,40,FCC + BCC,6.9,,C,1469,,16,175
171,Al1.3CoCrCuFeNi,15.87301587,15.87301587,15.87301587,,20.63492063,15.87301587,,,,,,,,15.87301587,,,,,,,,,,,34,FCC + BCC,6.8,470,,,,,178
172,Al1.5CoCrCuFeNi,15.38461538,15.38461538,15.38461538,,23.07692308,15.38461538,,,,,,,,15.38461538,,,,,,,,,,,34,FCC + BCC,6.6,506,,,,,133
173,Al1.8CoCrCuFeNi,14.70588235,14.70588235,14.70588235,,26.47058824,14.70588235,,,,,,,,14.70588235,,,,,,,,,,,34,FCC + BCC,6.4,650,,,,,170
174,Al2CoCrCuFeNi,14.28571429,14.28571429,14.28571429,,28.57142857,14.28571429,,,,,,,,14.28571429,,,,,,,,,,,34,FCC + BCC,6.3,560,C,1620,,,167
175,Al2.3CoCrCuFeNi,13.69863014,13.69863014,13.69863014,,31.50684932,13.69863014,,,,,,,,13.69863014,,,,,,,,,,,34,FCC + BCC,6.1,600,,,,,163
176,Al2.5CoCrCuFeNi,13.33333333,13.33333333,13.33333333,,33.33333333,13.33333333,,,,,,,,13.33333333,,,,,,,,,,,34,FCC + BCC,6.0,620,,,,,161
177,Al2.8CoCrCuFeNi,12.82051282,12.82051282,12.82051282,,35.8974359,12.82051282,,,,,,,,12.82051282,,,,,,,,,,,34,BCC,5.8,650,,,,,157
178,Al3CoCrCuFeNi,12.5,12.5,12.5,,37.5,12.5,,,,,,,,12.5,,,,,,,,,,,41,BCC,5.7,640,,,,,153
179,Al0.5B0.2CoCrCuFeNi,17.54385965,17.54385965,17.54385965,,8.771929825,17.54385965,,,,,,,,17.54385965,3.50877193,,,,,,,,,,36,,7.7,415,,,,,
180,Al0.5B0.6CoCrCuFeNi,16.39344262,16.39344262,16.39344262,,8.196721311,16.39344262,,,,,,,,16.39344262,9.836065574,,,,,,,,,,36,,7.7,505,,,,,
181,Al0.5BCoCrCuFeNi,15.38461538,15.38461538,15.38461538,,7.692307692,15.38461538,,,,,,,,15.38461538,15.38461538,,,,,,,,,,36,,7.8,736,,,,,
182,Al0.5CoCrCu0.5FeNiTi0.5,18.18181818,18.18181818,18.18181818,,9.090909091,18.18181818,,,9.090909091,,,,,9.090909091,,,,,,,,,,,25,FCC + BCC,7.1,,C,1580,2389,17,161
183,Al0.5CoCrCuFeNiTi0.2,17.54385965,17.54385965,17.54385965,,8.771929825,17.54385965,,,3.50877193,,,,,17.54385965,,,,,,,,,,,37,FCC,7.5,272,,,,,191
184,Al0.5CoCrCuFeNiTi0.4,16.94915254,16.94915254,16.94915254,,8.474576271,16.94915254,,,6.779661017,,,,,16.94915254,,,,,,,,,,,37,FCC,7.3,321,,,,,188
185,Al0.5CoCrCuFeNiTi0.6,16.39344262,16.39344262,16.39344262,,8.196721311,16.39344262,,,9.836065574,,,,,16.39344262,,,,,,,,,,,37,FCC + BCC,7.2,458,,,,,186
186,Al0.5CoCrCuFeNiTi0.8,15.87301587,15.87301587,15.87301587,,7.936507937,15.87301587,,,12.6984127,,,,,15.87301587,,,,,,,,,,,37,FCC + BCC,7.1,590,,,,,184
187,Al0.5CoCrCuFeNiTi,15.38461538,15.38461538,15.38461538,,7.692307692,15.38461538,,,15.38461538,,,,,15.38461538,,,,,,,,,,,37,FCC + BCC + Im,7.0,636,,,,,
188,Al0.5CoCrCuFeNiTi1.2,14.92537313,14.92537313,14.92537313,,7.462686567,14.92537313,,,17.91044776,,,,,14.92537313,,,,,,,,,,,37,FCC + BCC + Im,6.9,646,,,,,
189,Al0.5CoCrCuFeNiTi1.4,14.49275362,14.49275362,14.49275362,,7.246376812,14.49275362,,,20.28985507,,,,,14.49275362,,,,,,,,,,,37,FCC + BCC + Im,6.8,664,,,,,
190,Al0.5CoCrCuFeNiTi1.6,14.08450704,14.08450704,14.08450704,,7.042253521,14.08450704,,,22.53521127,,,,,14.08450704,,,,,,,,,,,37,FCC + BCC + Im,6.7,657,,,,,
191,Al0.5CoCrCuFeNiTi1.8,13.69863014,13.69863014,13.69863014,,6.849315068,13.69863014,,,24.65753425,,,,,13.69863014,,,,,,,,,,,37,FCC + BCC + Im,6.6,667,,,,,
192,Al0.5CoCrCuFeNiTi2,13.33333333,13.33333333,13.33333333,,6.666666667,13.33333333,,,26.66666667,,,,,13.33333333,,,,,,,,,,,37,FCC + BCC + Im,6.5,696,,,,,
193,Al0.5CoCrCuFeNiV0.2,17.54385965,17.54385965,17.54385965,,8.771929825,17.54385965,,,,,3.50877193,,,17.54385965,,,,,,,,,,,38,FCC,7.6,204,,,,,191
194,Al0.5CoCrCuFeNiV0.4,16.94915254,16.94915254,16.94915254,,8.474576271,16.94915254,,,,,6.779661017,,,16.94915254,,,,,,,,,,,38,FCC + BCC,7.5,231,,,,,189
195,Al0.5CoCrCuFeNiV0.6,16.39344262,16.39344262,16.39344262,,8.196721311,16.39344262,,,,,9.836065574,,,16.39344262,,,,,,,,,,,38,FCC + BCC + Im,7.5,328,,,,,
196,Al0.5CoCrCuFeNiV0.8,15.87301587,15.87301587,15.87301587,,7.936507937,15.87301587,,,,,12.6984127,,,15.87301587,,,,,,,,,,,38,FCC + BCC + Im,7.4,447,,,,,
197,Al0.5CoCrCuFeNiV1.0,15.38461538,15.38461538,15.38461538,,7.692307692,15.38461538,,,,,15.38461538,,,15.38461538,,,,,,,,,,,38,FCC + BCC + Im,7.4,639,,,,,
198,Al0.5CoCrCuFeNiV1.2,14.92537313,14.92537313,14.92537313,,7.462686567,14.92537313,,,,,17.91044776,,,14.92537313,,,,,,,,,,,38,BCC,7.3,579,,,,,182
199,Al0.5CoCrCuFeNiV1.4,14.49275362,14.49275362,14.49275362,,7.246376812,14.49275362,,,,,20.28985507,,,14.49275362,,,,,,,,,,,38,BCC,7.3,577,,,,,180
200,Al0.5CoCrCuFeNiV1.6,14.08450704,14.08450704,14.08450704,,7.042253521,14.08450704,,,,,22.53521127,,,14.08450704,,,,,,,,,,,38,BCC,7.2,594,,,,,179
201,Al0.5CoCrCuFeNiV1.8,13.69863014,13.69863014,13.69863014,,6.849315068,13.69863014,,,,,24.65753425,,,13.69863014,,,,,,,,,,,38,BCC,7.2,597,,,,,177
202,Al0.5CoCrCuFeNiV2.0,13.33333333,13.33333333,13.33333333,,6.666666667,13.33333333,,,,,26.66666667,,,13.33333333,,,,,,,,,,,38,BCC,7.2,587,,,,,176
203,Al0.75CoCrCu0.25FeNiTi0.5,18.18181818,18.18181818,18.18181818,,13.63636364,18.18181818,,,9.090909091,,,,,4.545454545,,,,,,,,,,,25,FCC + BCC,6.8,,C,1900,2697,12,164
204,AlCoCrCuNiTi,16.66666667,,16.66666667,,16.66666667,16.66666667,,,16.66666667,,,,,16.66666667,,,,,,,,,,,42,BCC,6.4,,C,,1495,8,36
205,AlCoCrCuNiTiY0.5,15.38461538,,15.38461538,,15.38461538,15.38461538,,,15.38461538,,,,,15.38461538,,7.692307692,,,,,,,,,42,Im,6.1,,C,,1025,3,36
206,AlCoCrCuNiTiY0.8,14.70588235,,14.70588235,,14.70588235,14.70588235,,,14.70588235,,,,,14.70588235,,11.76470588,,,,,,,,,42,Im,5.9,,C,,1325,5,38
207,AlCoCrCuNiTiY,14.28571429,,14.28571429,,14.28571429,14.28571429,,,14.28571429,,,,,14.28571429,,14.28571429,,,,,,,,,42,Im,5.8,,C,,1192,4,37
208,AlCoFeNi,25,25,25,,25,,,,,,,,,,,,,,,,,,,,4,BCC,6.6,456,C,964,,,173
209,AlCoFeNiTiVZr,14.28571429,14.28571429,14.28571429,,14.28571429,,,,14.28571429,,14.28571429,14.28571429,,,,,,,,,,,,,27,BCC,6.2,790,,,,,143
210,CoCuFeNi,25,25,25,,,,,,,,,,,25,,,,,,,,,,,43,FCC,8.6,,T,,480,15,188
211,CoCuFeNiSn0.02,24.87562189,24.87562189,24.87562189,,,,,,,,,,,24.87562189,,,0.4975124378,,,,,,,,43,FCC,8.6,,T,,548,17,187
212,CoCuFeNiSn0.04,24.75247525,24.75247525,24.75247525,,,,,,,,,,,24.75247525,,,0.9900990099,,,,,,,,43,FCC + Im,8.6,,T,,594,18,
213,CoCuFeNiSn0.05,24.69135802,24.69135802,24.69135802,,,,,,,,,,,24.69135802,,,1.234567901,,,,,,,,43,FCC + Im,8.6,,T,,615,20,
214,CoCuFeNiSn0.07,24.57002457,24.57002457,24.57002457,,,,,,,,,,,24.57002457,,,1.71990172,,,,,,,,43,FCC + Im,8.6,,T,,632,19,
215,CoCuFeNiSn0.1,24.3902439,24.3902439,24.3902439,,,,,,,,,,,24.3902439,,,2.43902439,,,,,,,,43,FCC + Im,8.6,,T,,602,5,
216,CoCuFeNiSn0.2,23.80952381,23.80952381,23.80952381,,,,,,,,,,,23.80952381,,,4.761904762,,,,,,,,43,FCC + Im,8.5,,T,,261,2,
217,CoCuFeNiSn0.5,22.22222222,22.22222222,22.22222222,,,,,,,,,,,22.22222222,,,11.11111111,,,,,,,,43,FCC + Im,8.3,,,,,,
218,AlCoCuFeNi,20,20,20,,20,,,,,,,,,20,,,,,,,,,,,39,FCC + BCC,7.0,536,,,,,164
219,AlCoCuFeNbNi,16.66666667,16.66666667,16.66666667,,16.66666667,,,16.66666667,,,,,,16.66666667,,,,,,,,,,,39,Im,7.4,578,,,,,
220,AlCoCuFeNiSi,16.66666667,16.66666667,16.66666667,16.66666667,16.66666667,,,,,,,,,16.66666667,,,,,,,,,,,39,FCC + BCC,5.9,682,,,,,145
221,AlCoCuFeNiTi,16.66666667,16.66666667,16.66666667,,16.66666667,,,,16.66666667,,,,,16.66666667,,,,,,,,,,,39,FCC + BCC,6.5,626,,,,,156
222,AlCoCuFeNiZr,16.66666667,16.66666667,16.66666667,,16.66666667,,,,,,,16.66666667,,16.66666667,,,,,,,,,,,39,FCC + BCC + Im,6.9,472,,,,,
223,CoCuFeMnNi,20,20,20,,,,,,,,,,20,20,,,,,,,,,,,44,FCC,8.4,208,T,,478,14,190
224,CoCuFeMnNiSn0.03,19.88071571,19.88071571,19.88071571,,,,,,,,,,19.88071571,19.88071571,,,0.5964214712,,,,,,,,44,FCC,8.4,192,T,,465,18,
225,CoCuFeMnNiSn0.05,19.8019802,19.8019802,19.8019802,,,,,,,,,,19.8019802,19.8019802,,,0.9900990099,,,,,,,,44,FCC + Im,8.4,205,T,,475,12,
226,CoCuFeMnNiSn0.08,19.68503937,19.68503937,19.68503937,,,,,,,,,,19.68503937,19.68503937,,,1.57480315,,,,,,,,44,FCC + Im,8.3,219,T,,425,7,
227,CoCuFeMnNiSn0.10,19.60784314,19.60784314,19.60784314,,,,,,,,,,19.60784314,19.60784314,,,1.960784314,,,,,,,,44,FCC + Im,8.3,253,T,,470,6,
228,CoCuFeMnNiSn0.20,19.23076923,19.23076923,19.23076923,,,,,,,,,,19.23076923,19.23076923,,,3.846153846,,,,,,,,44,FCC + Im,8.3,319,T,,368,2,
229,CrCuFeMnNi,,20,20,,,20,,,,,,,20,20,,,,,,,,,,,13,FCC + BCC,8.1,296,,,,,204
230,CrCuFeMoNi,,20,20,,,20,20,,,,,,,20,,,,,,,,,,,13,FCC,8.7,263,,,,,230
231,AlCrCuFeNi0.6,,21.73913043,13.04347826,,21.73913043,21.73913043,,,,,,,,21.73913043,,,,,,,,,,,45,FCC + BCC,6.6,496,,,,,176
232,AlCrCuFeNi0.8,,20.83333333,16.66666667,,20.83333333,20.83333333,,,,,,,,20.83333333,,,,,,,,,,,45,FCC + BCC,6.7,486,,,,,177
233,AlCrCuFeNi,,20,20,,20,20,,,,,,,,20,,,,,,,,,,,45,FCC + BCC,6.8,495,,,,,178
234,AlCrCuFeNi1.2,,19.23076923,23.07692308,,19.23076923,19.23076923,,,,,,,,19.23076923,,,,,,,,,,,45,FCC + BCC,6.8,407,,,,,179
235,AlCrCuFeNi1.4,,18.51851852,25.92592593,,18.51851852,18.51851852,,,,,,,,18.51851852,,,,,,,,,,,45,FCC + BCC,6.9,367,,,,,180
236,AlCrCuFeNi2,,16.66666667,33.33333333,,16.66666667,16.66666667,,,,,,,,16.66666667,,,,,,,,,,,46,FCC + BCC,7.1,,,,,,182
237,AlCrCuFeNiTi,,16.66666667,16.66666667,,16.66666667,16.66666667,,,16.66666667,,,,,16.66666667,,,,,,,,,,,47,BCC + Im,6.3,,C,,1219,,
238,Al0.2CrCuFeNi2,,19.23076923,38.46153846,,3.846153846,19.23076923,,,,,,,,19.23076923,,,,,,,,,,,46,FCC,8.0,,,,,,199
239,Al0.4CrCuFeNi2,,18.51851852,37.03703704,,7.407407407,18.51851852,,,,,,,,18.51851852,,,,,,,,,,,46,FCC,7.8,,,,,,194
240,Al0.6CrCuFeNi2,,17.85714286,35.71428571,,10.71428571,17.85714286,,,,,,,,17.85714286,,,,,,,,,,,46,FCC,7.5,,,,,,190
241,Al0.8CrCuFeNi2,,17.24137931,34.48275862,,13.79310345,17.24137931,,,,,,,,17.24137931,,,,,,,,,,,46,FCC,7.3,,,,,,186
242,Al1.2CrCuFeNi2,,16.12903226,32.25806452,,19.35483871,16.12903226,,,,,,,,16.12903226,,,,,,,,,,,46,FCC + BCC,6.9,,,,,,178
243,AlCrCuFeNi,,20,20,,20,20,,,,,,,,20,,,,,,,,,,,13,FCC + BCC,6.8,342,,,,,178
244,Al1.125CuFe0.75NiTi1.125,,15,20,,22.5,,,,22.5,,,,,20,,,,,,,,,,,48,FCC,5.9,516,C,980,1326,7,145
245,Al22.5Cu20Fe15Ni20Ti22.5,,15,20,,22.5,,,,22.5,,,,,20,,,,,,,,,,,48,FCC,5.9,516,C,980,1326,7,145
246,AlCuFeNiTi,,20,20,,20,,,,20,,,,,20,,,,,,,,,,,48,FCC,6.1,516,C,1074,1617,8,146
247,AlCuNiTi,,,25,,25,,,,25,,,,,25,,,,,,,,,,,48,FCC,5.7,537,C,300,536,< 1,108
248,AlLi0.5MgSn0.2Zn0.5,,,,,31.25,,,,,,,,,,,,6.25,15.625,31.25,15.625,,,,,49,FCC + Im,2.9,,C,546,546,,
249,AlLiMg0.5ScTi1.5,,,,,20,,,,30,,,,,,,,,20,10,,20,,,,50,FCC + HCP,2.7,591,,,,,69
250,AlLiMgSnZn,,,,,20,,,,,,,,,,,,20,20,20,20,,,,,49,FCC + HCP + Im,3.9,,C,600,615,1,
251,Al8Li0.5Mg0.5Sn0.5Zn0.5,,,,,80,,,,,,,,,,,,5,5,5,5,,,,,49,FCC + Im,3.0,,C,415,836,16,
252,Al8Cu0.5Li0.5Mg0.5Zn0.5,,,,,80,,,,,,,,,5,,,,5,5,5,,,,,49,FCC + Im,2.9,,C,488,879,17,
253,AlCu0.2Li0.5MgZn0.5,,,,,31.25,,,,,,,,,6.25,,,,15.625,31.25,15.625,,,,,49,Im,2.7,,,,,,
254,AlCu0.5Li0.5MgSn0.2,,,,,31.25,,,,,,,,,15.625,,,6.25,15.625,31.25,,,,,,49,Im,3.0,,,,,,
255,AlCr0.5NbTiV,,,,,22.22222222,11.11111111,,22.22222222,22.22222222,,22.22222222,,,,,,,,,,,,,,51,BCC,5.6,,C,1300,1430,< 1,124
256,AlCrNbTiV,,,,,20,20,,20,20,,20,,,,,,,,,,,,,,51,BCC + Im,5.8,,C,1550,1570,< 1,
257,AlCr1.5NbTiV,,,,,18.18181818,27.27272727,,18.18181818,18.18181818,,18.18181818,,,,,,,,,,,,,,51,FCC + Im,5.9,,C,1700,1700,< 1,
258,Al0.4Hf0.6NbTaTiZr,,,,,8,,,20,20,,,20,,,,,,,,,,12,20,,52,BCC,9.1,500,C,1841,2269,10,110
259,Al0.3HfNbTaTiZr,,,,,5.660377358,,,18.86792453,18.86792453,,,18.86792453,,,,,,,,,,18.86792453,18.86792453,,53,BCC,9.5,353,C,1188,,50,63
260,Al0.5HfNbTaTiZr,,,,,9.090909091,,,18.18181818,18.18181818,,,18.18181818,,,,,,,,,,18.18181818,18.18181818,,53,BCC,9.3,396,C,1302,,46,97
261,Al0.75HfNbTaTiZr,,,,,13.04347826,,,17.39130435,17.39130435,,,17.39130435,,,,,,,,,,17.39130435,17.39130435,,53,BCC,9.3,427,C,1415,2050,30,102
262,AlHfNbTaTiZr,,,,,16.66666667,,,16.66666667,16.66666667,,,16.66666667,,,,,,,,,,16.66666667,16.66666667,,53,BCC + Im,8.6,441,C,1489,1900,21,103
263,AlMo0.5NbTa0.5TiZr,,,,,20,,10,20,20,,,20,,,,,,,,,,,10,,52,BCC,7.1,591,C,2000,2368,10,123
264,Al0.25MoNbTiV,,,,,5.882352941,,23.52941176,23.52941176,23.52941176,,23.52941176,,,,,,,,,,,,,,54,BCC,7.1,460,C,1250,,13,164
265,Al0.5MoNbTiV,,,,,11.11111111,,22.22222222,22.22222222,22.22222222,,22.22222222,,,,,,,,,,,,,,54,BCC,6.8,487,C,1625,,11,158
266,Al0.75MoNbTiV,,,,,15.78947368,,21.05263158,21.05263158,21.05263158,,21.05263158,,,,,,,,,,,,,,54,BCC,6.6,517,C,1260,,8,154
267,AlMoNbTiV,,,,,20,,20,20,20,,20,,,,,,,,,,,,,,54,BCC,6.4,537,C,1375,,3,150
268,Al0.25NbTaTiV,,,,,5.882352941,,,23.52941176,23.52941176,,23.52941176,,,,,,,,,,,,23.52941176,,55,BCC,8.8,,C,1330,,,92
269,Al0.5NbTaTiV,,,,,11.11111111,,,22.22222222,22.22222222,,22.22222222,,,,,,,,,,,,22.22222222,,55,BCC,8.5,,C,1014,,,97
270,AlNbTaTiV,,,,,20,,,20,20,,20,,,,,,,,,,,,20,,55,BCC,7.9,,C,993,,,101
271,Al0.3NbTa0.8Ti1.4V0.2Zr1.3,,,,,6,,,20,28,,4,26,,,,,,,,,,,16,,52,BCC,7.7,500,C,1965,2061,5,110
272,Al0.5NbTa0.8Ti1.5V0.2Zr,,,,,10,,,20,30,,4,20,,,,,,,,,,,16,,52,BCC,7.6,530,C,2035,2105,5,111
273,Al0.3NbTaTi1.4Zr1.3,,,,,6,,,20,28,,,26,,,,,,,,,,,20,,52,BCC,8.1,490,C,1965,2054,5,113
274,AlNb1.5Ta0.5Ti1.5Zr0.5,,,,,20,,,30,30,,,10,,,,,,,,,,,10,,52,BCC,6.8,408,C,1280,1367,4,106
275,AlNbTiV,,,,,25,,,25,25,,25,,,,,,,,,,,,,,56,BCC,5.5,448,C,1020,1318,5,105
276,AlNbTiV,,,,,25,,,25,25,,25,,,,,,,,,,,,,,51,BCC,5.5,,C,1000,1280,5,105
277,CrHfNbTiZr,,,,,,20,,20,20,,,20,,,,,,,,,,20,,,57,BCC + lm,8.2,455,C,1375,2130,3,112
278,CrMo0.5NbTa0.5TiZr,,,,,,20,10,20,20,,,20,,,,,,,,,,,10,,58,BCC + Im,8.0,540,C,1595,2046,5,
279,CrNbTiVZr,,,,,,20,,20,20,,20,20,,,,,,,,,,,,,59,BCC + Im,6.6,482,C,1298,,3,
280,CrNbTiZr,,,,,,25,,25,25,,,25,,,,,,,,,,,,,59,BCC + Im,6.6,418,C,1260,,6,
281,FeMoNiTiVZr,,16.66666667,16.66666667,,,,16.66666667,,16.66666667,,16.66666667,16.66666667,,,,,,,,,,,,,27,BCC + Im,7.1,740,,,,,
282,Hf0.5Mo0.5NbTiZr,,,,,,,12.5,25,25,,,25,,,,,,,,,,12.5,,,82,BCC + Im,7.9,400,C,1178,,25,
283,Hf0.5Mo0.5NbSi0.1TiZr,,,,2.43902439,,,12.19512195,24.3902439,24.3902439,,,24.3902439,,,,,,,,,,12.19512195,,,82,BCC + Im,7.7,442,C,1365,,28,
284,Hf0.5Mo0.5NbSi0.3TiZr,,,,6.976744186,,,11.62790698,23.25581395,23.25581395,,,23.25581395,,,,,,,,,,11.62790698,,,82,BCC + Im,7.5,494,C,1428,,23,
285,Hf0.5Mo0.5NbSi0.5TiZr,,,,11.11111111,,,11.11111111,22.22222222,22.22222222,,,22.22222222,,,,,,,,,,11.11111111,,,82,BCC + Im,7.2,524,C,1605,,23,
286,Hf0.5Mo0.5NbSi0.7TiZr,,,,14.89361702,,,10.63829787,21.27659574,21.27659574,,,21.27659574,,,,,,,,,,10.63829787,,,82,BCC + Im,7.0,580,C,1604,,12,
287,Hf0.5Mo0.5NbSi0.9TiZr,,,,18.36734694,,,10.20408163,20.40816327,20.40816327,,,20.40816327,,,,,,,,,,10.20408163,,,82,BCC + Im,6.8,640,C,1677,,9,
288,Hf0.5Mo0.5NbTiZrC0.1,,,,,,,12.19512195,24.3902439,24.3902439,2.43902439,,24.3902439,,,,,,,,,,12.19512195,,,61,BCC + lm,7.8,,C,1183,2139,38,
289,Hf0.5Mo0.5NbTiZrC0.3,,,,,,,11.62790698,23.25581395,23.25581395,6.976744186,,23.25581395,,,,,,,,,,11.62790698,,,61,BCC + lm,7.7,,C,1201,1965,33,
290,HfMo0.25NbTaTiZr,,,,,,,4.761904762,19.04761905,19.04761905,,,19.04761905,,,,,,,,,,19.04761905,19.04761905,,62,BCC,9.9,395,C,1112,,50,96
291,HfMo0.5NbTaTiZr,,,,,,,9.090909091,18.18181818,18.18181818,,,18.18181818,,,,,,,,,,18.18181818,18.18181818,,62,BCC,10.0,480,C,1317,,50,102
292,HfMo0.75NbTaTiZr,,,,,,,13.04347826,17.39130435,17.39130435,,,17.39130435,,,,,,,,,,17.39130435,17.39130435,,62,BCC,10.0,492,C,1373,,50,109
293,HfMoNbTaTiZr,,,,,,,16.66666667,16.66666667,16.66666667,,,16.66666667,,,,,,,,,,16.66666667,16.66666667,,63,BCC,10.0,505,C,1512,,12,147
294,HfMoNbTaTiZr,,,,,,,16.66666667,16.66666667,16.66666667,,,16.66666667,,,,,,,,,,16.66666667,16.66666667,,62,BCC,10.0,505,C,1512,,12,115
295,HfMoTaTiZr,,,,,,,20,,20,,,20,,,,,,,,,,20,20,,63,BCC,10.2,542,C,1600,,4,155
296,HfMoNbZrTi,,,,,,,20,20,20,,,20,,,,,,,,,,20,,,64,BCC,8.7,,C,1803,1719,10,139
297,HfNbSi0.5TiV,,,,11.11111111,,,,22.22222222,22.22222222,,22.22222222,,,,,,,,,,,22.22222222,,,65,BCC + lm,8.6,490,C,1399,1608,11,
298,HfNbSi0.5TiVZr,,,,9.090909091,,,,18.18181818,18.18181818,,18.18181818,18.18181818,,,,,,,,,,18.18181818,,,66,BCC + lm,7.8,464,C,1540,1643,17,
299,HfNbTaZr,,,,,,,,25,,,,25,,,,,,,,,,25,25,,67,BCC,11.1,365,C,1315,,,109
300,Hf0.5Nb0.5Ta0.5Ti1.5Zr,,,,,,,,12.5,37.5,,,25,,,,,,,,,,12.5,12.5,,68,BCC,8.1,301,T,903,990,19,107
301,HfNbTaTiZr,,,,,,,,20,20,,,20,,,,,,,,,,20,20,,62,BCC,9.9,335,C,1015,,50,85
302,HfNbTaTiZr,,,,,,,,20,20,,,20,,,,,,,,,,20,20,,53,BCC,9.7,295,C,1073,,50,55
303,HfNbTaTiZr,,,,,,,,20,20,,,20,,,,,,,,,,20,20,,"69, 70",BCC,9.9,390,C,929,,50,111
304,HfNbTiVZr,,,,,,,,20,20,,20,20,,,,,,,,,,20,,,57,BCC + lm,8.1,388,C,1170,1463,30,128
305,HfNbTiZr,,,,,,,,25,25,,,25,,,,,,,,,,25,,,71,BCC,8.4,,T,879,969,15,92
306,MoNbTaV,,,,,,,25,25,,,25,,,,,,,,,,,,25,,72,BCC,10.7,504,C,1525,2400,21,187
307,MoNbTaVW,,,,,,,20,20,,,20,,,,,,,,,,,,20,20,73,BCC,12.4,536,C,1246,1270,2,232
308,MoNbTaW,,,,,,,25,25,,,,,,,,,,,,,,,25,25,73,BCC,13.7,454,C,1058,1211,2,258
309,MoNbTiV,,,,,,,25,25,25,,25,,,,,,,,,,,,,,54,BCC,7.3,441,C,1200,,26,170
310,Mo0.3NbTiVZr,,,,,,,6.976744186,23.25581395,23.25581395,,23.25581395,23.25581395,,,,,,,,,,,,,74,BCC,6.7,,C,1289,,42,
311,Mo0.5NbTiVZr,,,,,,,11.11111111,22.22222222,22.22222222,,22.22222222,22.22222222,,,,,,,,,,,,,74,BCC,6.8,,C,1473,,32,
312,Mo0.7NbTiVZr,,,,,,,14.89361702,21.27659574,21.27659574,,21.27659574,21.27659574,,,,,,,,,,,,,74,BCC,7.0,,C,1706,,32,
313,MoNbTiVZr,,,,,,,20,20,20,,20,20,,,,,,,,,,,,,74,BCC,7.1,,C,1779,,32,
314,Mo1.3NbTiVZr,,,,,,,24.52830189,18.86792453,18.86792453,,18.86792453,18.86792453,,,,,,,,,,,,,74,BCC,7.3,,C,1496,,30,
315,Mo1.5NbTiVZr,,,,,,,27.27272727,18.18181818,18.18181818,,18.18181818,18.18181818,,,,,,,,,,,,,74,BCC,7.4,,C,1603,,20,
316,Mo1.7NbTiVZr,,,,,,,29.8245614,17.54385965,17.54385965,,17.54385965,17.54385965,,,,,,,,,,,,,74,BCC,7.5,,C,1645,,15,
317,Mo2NbTiVZr,,,,,,,33.33333333,16.66666667,16.66666667,,16.66666667,16.66666667,,,,,,,,,,,,,74,BCC,7.6,,C,1765,,12,
318,MoNbTiV0.25Zr,,,,,,,23.52941176,23.52941176,23.52941176,,5.882352941,23.52941176,,,,,,,,,,,,,75,BCC,7.3,,C,1776,3893,30,153
319,MoNbTiV0.50Zr,,,,,,,22.22222222,22.22222222,22.22222222,,11.11111111,22.22222222,,,,,,,,,,,,,75,BCC,7.2,,C,1647,3307,28,152
320,MoNbTiV0.75Zr,,,,,,,21.05263158,21.05263158,21.05263158,,15.78947368,21.05263158,,,,,,,,,,,,,75,BCC,7.2,,C,1708,3929,29,150
321,MoNbTiV1.0Zr,,,,,,,20,20,20,,20,20,,,,,,,,,,,,,75,BCC,7.1,,C,1786,3828,26,149
322,MoNbTiV1.5Zr,,,,,,,18.18181818,18.18181818,18.18181818,,27.27272727,18.18181818,,,,,,,,,,,,,75,BCC,7.1,,C,1735,3300,20,147
323,MoNbTiV2.0Zr,,,,,,,16.66666667,16.66666667,16.66666667,,33.33333333,16.66666667,,,,,,,,,,,,,75,BCC,7.0,,C,1538,3176,23,146
324,MoNbTiV3.0Zr,,,,,,,14.28571429,14.28571429,14.28571429,,42.85714286,14.28571429,,,,,,,,,,,,,75,BCC,6.9,,C,1418,2508,24,143
325,MoNbTiZr,,,,,,,25,25,25,,,25,,,,,,,,,,,,,75,BCC,7.3,,C,1592,3450,34,155
326,NbTaTiV,,,,,,,,25,25,,25,,,,,,,,,,,,25,,55,BCC,9.2,,C,1092,,,106
327,NbTaVW,,,,,,,,25,,,25,,,,,,,,,,,,25,25,76,BCC,12.9,492,C,1530,,12,208
328,NbTaTiVW,,,,,,,,20,20,,20,,,,,,,,,,,,20,20,76,BCC+HCP,11.1,447,C,1420,,20,
329,NbTiV0.3Zr,,,,,,,,30.3030303,30.3030303,,9.090909091,30.3030303,,,,,,,,,,,,,74,BCC,6.5,,C,866,,45,
330,NbTiV0.3Mo0.1Zr,,,,,,,2.941176471,29.41176471,29.41176471,,8.823529412,29.41176471,,,,,,,,,,,,,74,BCC,6.6,,C,932,,45,
331,NbTiV0.3Mo0.3Zr,,,,,,,8.333333333,27.77777778,27.77777778,,8.333333333,27.77777778,,,,,,,,,,,,,74,BCC,6.8,,C,1312,,50,
332,NbTiV0.3Mo0.5Zr,,,,,,,13.15789474,26.31578947,26.31578947,,7.894736842,26.31578947,,,,,,,,,,,,,74,BCC,6.9,,C,1301,,43,
333,NbTiV0.3Mo0.7Zr,,,,,,,17.5,25,25,,7.5,25,,,,,,,,,,,,,74,BCC,7.1,,C,1436,,27,
334,NbTiV0.3MoZr,,,,,,,23.25581395,23.25581395,23.25581395,,6.976744186,23.25581395,,,,,,,,,,,,,74,BCC,7.3,,C,1455,,25,
335,NbTiV0.3Mo1.3Zr,,,,,,,28.26086957,21.73913043,21.73913043,,6.52173913,21.73913043,,,,,,,,,,,,,74,BCC,7.4,,C,1603,,20,
336,NbTiV0.3Mo1.5Zr,,,,,,,31.25,20.83333333,20.83333333,,6.25,20.83333333,,,,,,,,,,,,,74,BCC,7.5,,C,1576,,8,
337,NbTiVZr,,,,,,,,25,25,,25,25,,,,,,,,,,,,,74,BCC,6.5,,C,1104,,50,
338,NbTiVZr,,,,,,,,25,25,,25,25,,,,,,,,,,,,,59,BCC,6.5,335,C,1105,,> 50,104
339,NbTiV2Zr,,,,,,,,20,20,,40,20,,,,,,,,,,,,,59,BCC,6.4,304,C,918,,> 50,109
340,CoCrCuFeNiTiVZr,12.5,12.5,12.5,,,12.5,,,12.5,,12.5,12.5,,12.5,,,,,,,,,,,27,,7.1,680,,,,,168
341,CoCrFeMoNiTiVZr,12.5,12.5,12.5,,,12.5,12.5,,12.5,,12.5,12.5,,,,,,,,,,,,,27,,7.3,850,,,,,193
342,CoCuFeNiTiVZr,14.28571429,14.28571429,14.28571429,,,,,,14.28571429,,14.28571429,14.28571429,,14.28571429,,,,,,,,,,,27,,7.1,630,,,,,
343,CoFeNiV,25,25,25,,,,,,,,25,,,,,,,,,,,,,,77,FCC,7.8,238,,,,,187
344,CoFeMo0.2NiV,23.80952381,23.80952381,23.80952381,,,,4.761904762,,,,23.80952381,,,,,,,,,,,,,,77,FCC + Im,8.0,267,,,,,
345,CoFeMo0.4NiV,22.72727273,22.72727273,22.72727273,,,,9.090909091,,,,22.72727273,,,,,,,,,,,,,,77,FCC + Im,8.1,402,,,,,
346,CoFeMo0.6NiV,21.73913043,21.73913043,21.73913043,,,,13.04347826,,,,21.73913043,,,,,,,,,,,,,,77,FCC + Im,8.2,557,,,,,
347,CoFeMo0.8NiV,20.83333333,20.83333333,20.83333333,,,,16.66666667,,,,20.83333333,,,,,,,,,,,,,,77,FCC + Im,8.3,606,,,,,
348,CoFeMoNiV,20,20,20,,,,20,,,,20,,,,,,,,,,,,,,77,FCC + Im,8.4,625,,,,,
349,CoFeMoNi1.2V,19.23076923,19.23076923,23.07692308,,,,19.23076923,,,,19.23076923,,,,,,,,,,,,,,77,FCC + Im,8.4,602,,,,,
350,CoFeMoNi1.4V,18.51851852,18.51851852,25.92592593,,,,18.51851852,,,,18.51851852,,,,,,,,,,,,,,77,FCC + Im,8.5,538,,,,,
351,CoFeMoNi1.6V,17.85714286,17.85714286,28.57142857,,,,17.85714286,,,,17.85714286,,,,,,,,,,,,,,77,FCC + Im,8.5,520,,,,,
352,CoFeMoNi1.8V,17.24137931,17.24137931,31.03448276,,,,17.24137931,,,,17.24137931,,,,,,,,,,,,,,77,FCC + Im,8.5,510,,,,,
353,CoFeMoNi2V,16.66666667,16.66666667,33.33333333,,,,16.66666667,,,,16.66666667,,,,,,,,,,,,,,77,FCC + Im,8.5,382,,,,,
354,CoFeMoNiTiVZr,14.28571429,14.28571429,14.28571429,,,,14.28571429,,14.28571429,,14.28571429,14.28571429,,,,,,,,,,,,,27,,7.3,790,,,,,
355,CuFeNiTiVZr,,16.66666667,16.66666667,,,,,,16.66666667,,16.66666667,16.66666667,,16.66666667,,,,,,,,,,,27,,6.8,590,,,,,142
356,CoCrCuFeMnNiTiV,12.5,12.5,12.5,,,12.5,,,12.5,,12.5,,12.5,12.5,,,,,,,,,,,78,FCC + BCC + Im,7.3,,C,1312,1312,< 1,74