,Nome,Co,Fe,Ni,Si,Al,Cr,Mo,Nb,Ti,C,V,Zr,Mn,Cu,B,Y,Sn,Li,Mg,Zn,Sc,Hf,Ta,W,HV,SpecStrength,phases_BCC,phases_BCC + B2,phases_BCC + Im,phases_BCC + lm,phases_BCC+HCP,phases_FCC,phases_FCC + BCC,phases_FCC + BCC + B2,phases_FCC + BCC + Im,phases_FCC + HCP + Im,phases_FCC + Im,test_T
0,CoFeNi,33.33333333,33.33333333,33.33333333,0.0,0.0,0.0,0.0,0.0,0.0,0.0,0.0,0.0,0.0,0.0,0.0,0.0,0.0,0.0,0.0,0.0,0.0,0.0,0.0,0.0,-2.7879914731453663,24.0,0.0,0.0,0.0,0.0,0.0,1.0,0.0,0.0,0.0,0.0,0.0,0.0
1,CoFeNi,33.33333333,33.33333333,33.33333333,0.0,0.0,0.0,0.0,0.0,0.0,0.0,0.0,0.0,0.0,0.0,0.0,0.0,0.0,0.0,0.0,0.0,0.0,0.0,0.0,0.0,-2.7879914731453663,24.58823529411765,0.0,0.0,0.0,0.0,0.0,1.0,0.0,0.0,0.0,0.0,0.0,0.0
2,CoFeNi,33.33333333,33.33333333,33.33333333,0.0,0.0,0.0,0.0,0.0,0.0,0.0,0.0,0.0,0.0,0.0,0.0,0.0,0.0,0.0,0.0,0.0,0.0,0.0,0.0,0.0,0.11080029524827434,24.823529411764707,0.0,0.0,0.0,0.0,0.0,1.0,0.0,0.0,0.0,0.0,0.0,1.0
3,CoFeNiSi0.25,30.76923077,30.76923077,30.76923077,7.692307692,0.0,0.0,0.0,0.0,0.0,0.0,0.0,0.0,0.0,0.0,0.0,0.0,0.0,0.0,0.0,0.0,0.0,0.0,0.0,0.0,-2.5685245884720307,25.454545454545453,0.0,0.0,0.0,0.0,0.0,1.0,0.0,0.0,0.0,0.0,0.0,0.0
4,CoFeNiSi0.5,28.57142857,28.57142857,28.57142857,14.28571429,0.0,0.0,0.0,0.0,0.0,0.0,0.0,0.0,0.0,0.0,0.0,0.0,0.0,0.0,0.0,0.0,0.0,0.0,0.0,0.0,-1.306590001600351,67.04225352112677,0.0,0.0,0.0,0.0,0.0,0.0,0.0,0.0,0.0,0.0,1.0,0.0
5,CoFeNiSi0.75,26.66666667,26.66666667,26.66666667,20.0,0.0,0.0,0.0,0.0,0.0,0.0,0.0,0.0,0.0,0.0,0.0,0.0,0.0,0.0,0.0,0.0,0.0,0.0,0.0,0.0,1.2812903468393972,197.12121212121212,0.0,0.0,0.0,0.0,0.0,0.0,0.0,0.0,0.0,0.0,1.0,0.0
6,Al0.25CoFeNi,30.76923077,30.76923077,30.76923077,0.0,7.692307692,0.0,0.0,0.0,0.0,0.0,0.0,0.0,0.0,0.0,0.0,0.0,0.0,0.0,0.0,0.0,0.0,0.0,0.0,0.0,-2.6691135772806427,20.0,0.0,0.0,0.0,0.0,0.0,1.0,0.0,0.0,0.0,0.0,0.0,0.0
7,Al0.5CoFeNi,28.57142857,28.57142857,28.57142857,0.0,14.28571429,0.0,0.0,0.0,0.0,0.0,0.0,0.0,0.0,0.0,0.0,0.0,0.0,0.0,0.0,0.0,0.0,0.0,0.0,0.0,-1.9924240162045248,46.75675675675676,0.0,0.0,0.0,0.0,0.0,0.0,1.0,0.0,0.0,0.0,0.0,0.0
8,Al0.75CoFeNi,26.66666667,26.66666667,26.66666667,0.0,20.0,0.0,0.0,0.0,0.0,0.0,0.0,0.0,0.0,0.0,0.0,0.0,0.0,0.0,0.0,0.0,0.0,0.0,0.0,0.0,-0.41043355585089764,113.42857142857143,0.0,0.0,0.0,0.0,0.0,0.0,1.0,0.0,0.0,0.0,0.0,0.0
9,CoCrFeNi,25.0,25.0,25.0,0.0,0.0,25.0,0.0,0.0,0.0,0.0,0.0,0.0,0.0,0.0,0.0,0.0,0.0,0.0,0.0,0.0,0.0,0.0,0.0,0.0,0.11080029524827434,18.04878048780488,0.0,0.0,0.0,0.0,0.0,1.0,0.0,0.0,0.0,0.0,0.0,1.0
10,CoCrFeNb0.103Ni,24.37241043,24.37241043,24.37241043,0.0,0.0,24.37241043,0.0,2.510358274,0.0,0.0,0.0,0.0,0.0,0.0,0.0,0.0,0.0,0.0,0.0,0.0,0.0,0.0,0.0,0.0,0.11080029524827434,38.78048780487805,0.0,0.0,0.0,0.0,0.0,0.0,0.0,0.0,0.0,0.0,1.0,1.0
11,CoCrFeNb0.155Ni,24.06738869,24.06738869,24.06738869,0.0,0.0,24.06738869,0.0,3.730445247,0.0,0.0,0.0,0.0,0.0,0.0,0.0,0.0,0.0,0.0,0.0,0.0,0.0,0.0,0.0,0.0,0.11080029524827434,39.268292682926834,0.0,0.0,0.0,0.0,0.0,0.0,0.0,0.0,0.0,0.0,1.0,1.0
12,CoCrFeNb0.206Ni,23.77555873,23.77555873,23.77555873,0.0,0.0,23.77555873,0.0,4.897765097,0.0,0.0,0.0,0.0,0.0,0.0,0.0,0.0,0.0,0.0,0.0,0.0,0.0,0.0,0.0,0.0,0.11080029524827434,49.146341463414636,0.0,0.0,0.0,0.0,0.0,0.0,0.0,0.0,0.0,0.0,1.0,1.0
13,CoCrFeNb0.309Ni,23.20724066,23.20724066,23.20724066,0.0,0.0,23.20724066,0.0,7.171037364,0.0,0.0,0.0,0.0,0.0,0.0,0.0,0.0,0.0,0.0,0.0,0.0,0.0,0.0,0.0,0.0,0.11080029524827434,58.41463414634147,0.0,0.0,0.0,0.0,0.0,0.0,0.0,0.0,0.0,0.0,1.0,1.0
14,CoCrFeNb0.412Ni,22.66545784,22.66545784,22.66545784,0.0,0.0,22.66545784,0.0,9.338168631,0.0,0.0,0.0,0.0,0.0,0.0,0.0,0.0,0.0,0.0,0.0,0.0,0.0,0.0,0.0,0.0,0.11080029524827434,77.8048780487805,0.0,0.0,0.0,0.0,0.0,0.0,0.0,0.0,0.0,0.0,1.0,1.0
15,Al0.7Co0.3CrFeNi,7.5,25.0,25.0,0.0,17.5,25.0,0.0,0.0,0.0,0.0,0.0,0.0,0.0,0.0,0.0,0.0,0.0,0.0,0.0,0.0,0.0,0.0,0.0,0.0,1.7750908373544023,298.97058823529414,0.0,0.0,0.0,0.0,0.0,0.0,0.0,1.0,0.0,0.0,0.0,0.0
16,AlCoCrFeNi,20.0,20.0,20.0,0.0,20.0,20.0,0.0,0.0,0.0,0.0,0.0,0.0,0.0,0.0,0.0,0.0,0.0,0.0,0.0,0.0,0.0,0.0,0.0,0.0,0.11080029524827434,186.71641791044775,1.0,0.0,0.0,0.0,0.0,0.0,0.0,0.0,0.0,0.0,0.0,0.0
17,AlCoCrFeNi,20.0,20.0,20.0,0.0,20.0,20.0,0.0,0.0,0.0,0.0,0.0,0.0,0.0,0.0,0.0,0.0,0.0,0.0,0.0,0.0,0.0,0.0,0.0,0.0,0.11080029524827434,156.86567164179104,1.0,0.0,0.0,0.0,0.0,0.0,0.0,0.0,0.0,0.0,0.0,0.0
18,AlCoCrFeNi,20.0,20.0,20.0,0.0,20.0,20.0,0.0,0.0,0.0,0.0,0.0,0.0,0.0,0.0,0.0,0.0,0.0,0.0,0.0,0.0,0.0,0.0,0.0,0.0,0.11080029524827434,165.67164179104478,1.0,0.0,0.0,0.0,0.0,0.0,0.0,0.0,0.0,0.0,0.0,0.0
19,AlCoCrFeNi,20.0,20.0,20.0,0.0,20.0,20.0,0.0,0.0,0.0,0.0,0.0,0.0,0.0,0.0,0.0,0.0,0.0,0.0,0.0,0.0,0.0,0.0,0.0,0.0,0.11080029524827434,169.8507462686567,1.0,0.0,0.0,0.0,0.0,0.0,0.0,0.0,0.0,0.0,0.0,0.0
20,AlCoCrFeNi,20.0,20.0,20.0,0.0,20.0,20.0,0.0,0.0,0.0,0.0,0.0,0.0,0.0,0.0,0.0,0.0,0.0,0.0,0.0,0.0,0.0,0.0,0.0,0.0,0.11080029524827434,169.8507462686567,1.0,0.0,0.0,0.0,0.0,0.0,0.0,0.0,0.0,0.0,0.0,0.0
21,AlCoCrFeNi,20.0,20.0,20.0,0.0,20.0,20.0,0.0,0.0,0.0,0.0,0.0,0.0,0.0,0.0,0.0,0.0,0.0,0.0,0.0,0.0,0.0,0.0,0.0,0.0,0.11080029524827434,156.86567164179104,1.0,0.0,0.0,0.0,0.0,0.0,0.0,0.0,0.0,0.0,0.0,0.0
22,AlCoCrFeNi,20.0,20.0,20.0,0.0,20.0,20.0,0.0,0.0,0.0,0.0,0.0,0.0,0.0,0.0,0.0,0.0,0.0,0.0,0.0,0.0,0.0,0.0,0.0,0.0,0.8240676704366149,204.92537313432834,1.0,0.0,0.0,0.0,0.0,0.0,0.0,0.0,0.0,0.0,0.0,0.0
23,AlC0.1CoCrFeNi,19.60784314,19.60784314,19.60784314,0.0,19.60784314,19.60784314,0.0,0.0,0.0,1.960784314,0.0,0.0,0.0,0.0,0.0,0.0,0.0,0.0,0.0,0.0,0.0,0.0,0.0,0.0,0.11080029524827434,142.83582089552237,0.0,0.0,1.0,0.0,0.0,0.0,0.0,0.0,0.0,0.0,0.0,0.0
24,AlC0.2CoCrFeNi,19.23076923,19.23076923,19.23076923,0.0,19.23076923,19.23076923,0.0,0.0,0.0,3.846153846,0.0,0.0,0.0,0.0,0.0,0.0,0.0,0.0,0.0,0.0,0.0,0.0,0.0,0.0,0.11080029524827434,133.23529411764707,0.0,0.0,1.0,0.0,0.0,0.0,0.0,0.0,0.0,0.0,0.0,0.0
25,AlC0.3CoCrFeNi,18.86792453,18.86792453,18.86792453,0.0,18.86792453,18.86792453,0.0,0.0,0.0,5.660377358,0.0,0.0,0.0,0.0,0.0,0.0,0.0,0.0,0.0,0.0,0.0,0.0,0.0,0.0,0.11080029524827434,127.5,0.0,0.0,1.0,0.0,0.0,0.0,0.0,0.0,0.0,0.0,0.0,0.0
26,AlC0.4CoCrFeNi,18.51851852,18.51851852,18.51851852,0.0,18.51851852,18.51851852,0.0,0.0,0.0,7.407407407,0.0,0.0,0.0,0.0,0.0,0.0,0.0,0.0,0.0,0.0,0.0,0.0,0.0,0.0,0.11080029524827434,155.29411764705884,0.0,0.0,1.0,0.0,0.0,0.0,0.0,0.0,0.0,0.0,0.0,0.0
27,AlC0.5CoCrFeNi,18.18181818,18.18181818,18.18181818,0.0,18.18181818,18.18181818,0.0,0.0,0.0,9.090909091,0.0,0.0,0.0,0.0,0.0,0.0,0.0,0.0,0.0,0.0,0.0,0.0,0.0,0.0,0.11080029524827434,155.88235294117646,0.0,0.0,1.0,0.0,0.0,0.0,0.0,0.0,0.0,0.0,0.0,0.0
28,AlCCoCrFeNi,16.66666667,16.66666667,16.66666667,0.0,16.66666667,16.66666667,0.0,0.0,0.0,16.66666667,0.0,0.0,0.0,0.0,0.0,0.0,0.0,0.0,0.0,0.0,0.0,0.0,0.0,0.0,0.11080029524827434,181.30434782608694,0.0,0.0,1.0,0.0,0.0,0.0,0.0,0.0,0.0,0.0,0.0,0.0
29,AlC1.5CoCrFeNi,15.38461538,15.38461538,15.38461538,0.0,15.38461538,15.38461538,0.0,0.0,0.0,23.07692308,0.0,0.0,0.0,0.0,0.0,0.0,0.0,0.0,0.0,0.0,0.0,0.0,0.0,0.0,0.11080029524827434,179.28571428571428,0.0,0.0,1.0,0.0,0.0,0.0,0.0,0.0,0.0,0.0,0.0,0.0
30,AlCoCrFeMo0.1Ni,19.60784314,19.60784314,19.60784314,0.0,19.60784314,19.60784314,1.960784314,0.0,0.0,0.0,0.0,0.0,0.0,0.0,0.0,0.0,0.0,0.0,0.0,0.0,0.0,0.0,0.0,0.0,0.11080029524827434,265.29411764705884,1.0,0.0,0.0,0.0,0.0,0.0,0.0,0.0,0.0,0.0,0.0,0.0
31,AlCoCrFeMo0.2Ni,19.23076923,19.23076923,19.23076923,0.0,19.23076923,19.23076923,3.846153846,0.0,0.0,0.0,0.0,0.0,0.0,0.0,0.0,0.0,0.0,0.0,0.0,0.0,0.0,0.0,0.0,0.0,0.11080029524827434,355.94202898550725,0.0,0.0,1.0,0.0,0.0,0.0,0.0,0.0,0.0,0.0,0.0,0.0
32,AlCoCrFeMo0.3Ni,18.86792453,18.86792453,18.86792453,0.0,18.86792453,18.86792453,5.660377358,0.0,0.0,0.0,0.0,0.0,0.0,0.0,0.0,0.0,0.0,0.0,0.0,0.0,0.0,0.0,0.0,0.0,0.11080029524827434,378.42857142857144,0.0,0.0,1.0,0.0,0.0,0.0,0.0,0.0,0.0,0.0,0.0,0.0
33,AlCoCrFeMo0.4Ni,18.51851852,18.51851852,18.51851852,0.0,18.51851852,18.51851852,7.407407407,0.0,0.0,0.0,0.0,0.0,0.0,0.0,0.0,0.0,0.0,0.0,0.0,0.0,0.0,0.0,0.0,0.0,0.11080029524827434,381.42857142857144,0.0,0.0,1.0,0.0,0.0,0.0,0.0,0.0,0.0,0.0,0.0,0.0
34,AlCoCrFeMo0.5Ni,18.18181818,18.18181818,18.18181818,0.0,18.18181818,18.18181818,9.090909091,0.0,0.0,0.0,0.0,0.0,0.0,0.0,0.0,0.0,0.0,0.0,0.0,0.0,0.0,0.0,0.0,0.0,0.11080029524827434,388.3098591549296,0.0,0.0,1.0,0.0,0.0,0.0,0.0,0.0,0.0,0.0,0.0,0.0
35,AlCoCrFeNb0.1Ni,19.60784314,19.60784314,19.60784314,0.0,19.60784314,19.60784314,0.0,1.960784314,0.0,0.0,0.0,0.0,0.0,0.0,0.0,0.0,0.0,0.0,0.0,0.0,0.0,0.0,0.0,0.0,1.2721458933113416,241.32352941176472,1.0,0.0,0.0,0.0,0.0,0.0,0.0,0.0,0.0,0.0,0.0,0.0
36,AlCoCrFeNb0.25Ni,19.04761905,19.04761905,19.04761905,0.0,19.04761905,19.04761905,0.0,4.761904762,0.0,0.0,0.0,0.0,0.0,0.0,0.0,0.0,0.0,0.0,0.0,0.0,0.0,0.0,0.0,0.0,2.1774467925888508,288.0882352941177,0.0,0.0,1.0,0.0,0.0,0.0,0.0,0.0,0.0,0.0,0.0,0.0
37,AlCoCrFeNb0.5Ni,18.18181818,18.18181818,18.18181818,0.0,18.18181818,18.18181818,0.0,9.090909091,0.0,0.0,0.0,0.0,0.0,0.0,0.0,0.0,0.0,0.0,0.0,0.0,0.0,0.0,0.0,0.0,2.8998586213052473,353.2857142857143,0.0,0.0,1.0,0.0,0.0,0.0,0.0,0.0,0.0,0.0,0.0,0.0
38,AlCoCrFeNiSi0.2,19.23076923,19.23076923,19.23076923,3.846153846,19.23076923,19.23076923,0.0,0.0,0.0,0.0,0.0,0.0,0.0,0.0,0.0,0.0,0.0,0.0,0.0,0.0,0.0,0.0,0.0,0.0,0.11080029524827434,194.6153846153846,1.0,0.0,0.0,0.0,0.0,0.0,0.0,0.0,0.0,0.0,0.0,0.0
39,AlCoCrFeNiSi0.4,18.51851852,18.51851852,18.51851852,7.407407407,18.51851852,18.51851852,0.0,0.0,0.0,0.0,0.0,0.0,0.0,0.0,0.0,0.0,0.0,0.0,0.0,0.0,0.0,0.0,0.0,0.0,0.11080029524827434,238.8709677419355,1.0,0.0,0.0,0.0,0.0,0.0,0.0,0.0,0.0,0.0,0.0,0.0
40,AlCoCrFeNiSi0.6,17.85714286,17.85714286,17.85714286,10.71428571,17.85714286,17.85714286,0.0,0.0,0.0,0.0,0.0,0.0,0.0,0.0,0.0,0.0,0.0,0.0,0.0,0.0,0.0,0.0,0.0,0.0,0.11080029524827434,305.6666666666667,1.0,0.0,0.0,0.0,0.0,0.0,0.0,0.0,0.0,0.0,0.0,0.0
41,AlCoCrFeNiSi0.8,17.24137931,17.24137931,17.24137931,13.79310345,17.24137931,17.24137931,0.0,0.0,0.0,0.0,0.0,0.0,0.0,0.0,0.0,0.0,0.0,0.0,0.0,0.0,0.0,0.0,0.0,0.0,0.11080029524827434,375.6896551724138,0.0,0.0,1.0,0.0,0.0,0.0,0.0,0.0,0.0,0.0,0.0,0.0
42,AlCoCrFeNi,20.0,20.0,20.0,0.0,20.0,20.0,0.0,0.0,0.0,0.0,0.0,0.0,0.0,0.0,0.0,0.0,0.0,0.0,0.0,0.0,0.0,0.0,0.0,0.0,0.11080029524827434,194.73684210526315,1.0,0.0,0.0,0.0,0.0,0.0,0.0,0.0,0.0,0.0,0.0,0.0
43,AlCoCrFeNiSi,16.66666667,16.66666667,16.66666667,16.66666667,16.66666667,16.66666667,0.0,0.0,0.0,0.0,0.0,0.0,0.0,0.0,0.0,0.0,0.0,0.0,0.0,0.0,0.0,0.0,0.0,0.0,0.11080029524827434,422.98245614035085,0.0,0.0,1.0,0.0,0.0,0.0,0.0,0.0,0.0,0.0,0.0,0.0
44,AlCoCrFeNiTi0.5,18.18181818,18.18181818,18.18181818,0.0,18.18181818,18.18181818,0.0,0.0,9.090909091,0.0,0.0,0.0,0.0,0.0,0.0,0.0,0.0,0.0,0.0,0.0,0.0,0.0,0.0,0.0,-2.3033354361584166,318.75,0.0,0.0,0.0,0.0,0.0,1.0,0.0,0.0,0.0,0.0,0.0,0.0
45,AlCoCrFeNiTi0.5,18.18181818,18.18181818,18.18181818,0.0,18.18181818,18.18181818,0.0,0.0,9.090909091,0.0,0.0,0.0,0.0,0.0,0.0,0.0,0.0,0.0,0.0,0.0,0.0,0.0,0.0,0.0,-2.3033354361584166,353.125,1.0,0.0,0.0,0.0,0.0,0.0,0.0,0.0,0.0,0.0,0.0,0.0
46,AlCoCrFeNiTi,16.66666667,16.66666667,16.66666667,0.0,16.66666667,16.66666667,0.0,0.0,16.66666667,0.0,0.0,0.0,0.0,0.0,0.0,0.0,0.0,0.0,0.0,0.0,0.0,0.0,0.0,0.0,0.11080029524827434,300.0,1.0,0.0,0.0,0.0,0.0,0.0,0.0,0.0,0.0,0.0,0.0,0.0
47,AlCoCrFeNiTi1.5,15.38461538,15.38461538,15.38461538,0.0,15.38461538,15.38461538,0.0,0.0,23.07692308,0.0,0.0,0.0,0.0,0.0,0.0,0.0,0.0,0.0,0.0,0.0,0.0,0.0,0.0,0.0,0.11080029524827434,363.93442622950823,0.0,0.0,1.0,0.0,0.0,0.0,0.0,0.0,0.0,0.0,0.0,0.0
48,CoCrFeMnNi,20.0,20.0,20.0,0.0,0.0,20.0,0.0,0.0,0.0,0.0,0.0,0.0,20.0,0.0,0.0,0.0,0.0,0.0,0.0,0.0,0.0,0.0,0.0,0.0,-2.3216243432145283,26.0,0.0,0.0,0.0,0.0,0.0,1.0,0.0,0.0,0.0,0.0,0.0,1.0
49,CoCrFeMnNi,20.0,20.0,20.0,0.0,0.0,20.0,0.0,0.0,0.0,0.0,0.0,0.0,20.0,0.0,0.0,0.0,0.0,0.0,0.0,0.0,0.0,0.0,0.0,0.0,-2.6142468561123087,28.75,0.0,0.0,0.0,0.0,0.0,1.0,0.0,0.0,0.0,0.0,0.0,0.0
50,CoCrFeMnNiV0.25,19.04761905,19.04761905,19.04761905,0.0,0.0,19.04761905,0.0,0.0,0.0,0.0,4.761904762,0.0,19.04761905,0.0,0.0,0.0,0.0,0.0,0.0,0.0,0.0,0.0,0.0,0.0,-2.5502356814159195,25.31645569620253,0.0,0.0,0.0,0.0,0.0,1.0,0.0,0.0,0.0,0.0,0.0,0.0
51,CoCrFeMnNiV0.5,18.18181818,18.18181818,18.18181818,0.0,0.0,18.18181818,0.0,0.0,0.0,0.0,9.090909091,0.0,18.18181818,0.0,0.0,0.0,0.0,0.0,0.0,0.0,0.0,0.0,0.0,0.0,-2.230179807933972,79.48717948717949,0.0,0.0,0.0,0.0,0.0,1.0,0.0,0.0,0.0,0.0,0.0,0.0
52,CoCrFeMnNiV0.75,17.39130435,17.39130435,17.39130435,0.0,0.0,17.39130435,0.0,0.0,0.0,0.0,13.04347826,0.0,17.39130435,0.0,0.0,0.0,0.0,0.0,0.0,0.0,0.0,0.0,0.0,0.0,-0.8036450575572905,96.1038961038961,0.0,0.0,0.0,0.0,0.0,0.0,0.0,0.0,0.0,0.0,1.0,0.0
53,CoCrFeMnNiV1.0,16.66666667,16.66666667,16.66666667,0.0,0.0,16.66666667,0.0,0.0,0.0,0.0,16.66666667,0.0,16.66666667,0.0,0.0,0.0,0.0,0.0,0.0,0.0,0.0,0.0,0.0,0.0,2.012846629083849,215.58441558441558,0.0,0.0,0.0,0.0,0.0,0.0,0.0,0.0,0.0,0.0,1.0,0.0
54,Al0.20CoCrFeMnNi,19.23076923,19.23076923,19.23076923,0.0,3.846153846,19.23076923,0.0,0.0,0.0,0.0,0.0,0.0,19.23076923,0.0,0.0,0.0,0.0,0.0,0.0,0.0,0.0,0.0,0.0,0.0,-2.3673466108548062,28.57142857142857,0.0,0.0,0.0,0.0,0.0,1.0,0.0,0.0,0.0,0.0,0.0,1.0
55,Al0.38CoCrFeMnNi,18.58736059,18.58736059,18.58736059,0.0,7.063197026,18.58736059,0.0,0.0,0.0,0.0,0.0,0.0,18.58736059,0.0,0.0,0.0,0.0,0.0,0.0,0.0,0.0,0.0,0.0,0.0,-2.2667576220461942,32.53333333333333,0.0,0.0,0.0,0.0,0.0,1.0,0.0,0.0,0.0,0.0,0.0,1.0
56,Al0.43CoCrFeMnNi,18.41620626,18.41620626,18.41620626,0.0,7.918968692,18.41620626,0.0,0.0,0.0,0.0,0.0,0.0,18.41620626,0.0,0.0,0.0,0.0,0.0,0.0,0.0,0.0,0.0,0.0,0.0,-2.2576131685181386,38.51351351351351,0.0,0.0,0.0,0.0,0.0,0.0,1.0,0.0,0.0,0.0,0.0,1.0
57,Al0.49CoCrFeMnNi,18.21493625,18.21493625,18.21493625,0.0,8.925318761,18.21493625,0.0,0.0,0.0,0.0,0.0,0.0,18.21493625,0.0,0.0,0.0,0.0,0.0,0.0,0.0,0.0,0.0,0.0,0.0,-1.9192683879800796,44.729729729729726,0.0,0.0,0.0,0.0,0.0,0.0,1.0,0.0,0.0,0.0,0.0,1.0
58,Al0.56CoCrFeMnNi,17.98561151,17.98561151,17.98561151,0.0,10.07194245,17.98561151,0.0,0.0,0.0,0.0,0.0,0.0,17.98561151,0.0,0.0,0.0,0.0,0.0,0.0,0.0,0.0,0.0,0.0,0.0,-1.388890083352852,72.05479452054794,0.0,0.0,0.0,0.0,0.0,0.0,1.0,0.0,0.0,0.0,0.0,1.0
59,Al0.62CoCrFeMnNi,17.79359431,17.79359431,17.79359431,0.0,11.03202847,17.79359431,0.0,0.0,0.0,0.0,0.0,0.0,17.79359431,0.0,0.0,0.0,0.0,0.0,0.0,0.0,0.0,0.0,0.0,0.0,-0.22754448528978466,115.69444444444444,0.0,0.0,0.0,0.0,0.0,0.0,1.0,0.0,0.0,0.0,0.0,1.0
60,CoCrNi,33.33333333,0.0,33.33333333,0.0,0.0,33.33333333,0.0,0.0,0.0,0.0,0.0,0.0,0.0,0.0,0.0,0.0,0.0,0.0,0.0,0.0,0.0,0.0,0.0,0.0,0.11080029524827434,36.14457831325301,0.0,0.0,0.0,0.0,0.0,1.0,0.0,0.0,0.0,0.0,0.0,1.0
61,CoMnNi,33.33333333,0.0,33.33333333,0.0,0.0,0.0,0.0,0.0,0.0,0.0,0.0,0.0,33.33333333,0.0,0.0,0.0,0.0,0.0,0.0,0.0,0.0,0.0,0.0,0.0,0.11080029524827434,27.5,0.0,0.0,0.0,0.0,0.0,1.0,0.0,0.0,0.0,0.0,0.0,1.0
62,FeMnNi,0.0,33.33333333,33.33333333,0.0,0.0,0.0,0.0,0.0,0.0,0.0,0.0,0.0,33.33333333,0.0,0.0,0.0,0.0,0.0,0.0,0.0,0.0,0.0,0.0,0.0,0.11080029524827434,27.283950617283953,0.0,0.0,0.0,0.0,0.0,1.0,0.0,0.0,0.0,0.0,0.0,1.0
63,CoCrFeNi,25.0,25.0,25.0,0.0,0.0,25.0,0.0,0.0,0.0,0.0,0.0,0.0,0.0,0.0,0.0,0.0,0.0,0.0,0.0,0.0,0.0,0.0,0.0,0.0,0.11080029524827434,33.41463414634146,0.0,0.0,0.0,0.0,0.0,1.0,0.0,0.0,0.0,0.0,0.0,1.0
64,CoCrMnNi,25.0,0.0,25.0,0.0,0.0,25.0,0.0,0.0,0.0,0.0,0.0,0.0,25.0,0.0,0.0,0.0,0.0,0.0,0.0,0.0,0.0,0.0,0.0,0.0,0.11080029524827434,34.81481481481482,0.0,0.0,0.0,0.0,0.0,1.0,0.0,0.0,0.0,0.0,0.0,1.0
65,CoFeMnNi,25.0,25.0,25.0,0.0,0.0,0.0,0.0,0.0,0.0,0.0,0.0,0.0,25.0,0.0,0.0,0.0,0.0,0.0,0.0,0.0,0.0,0.0,0.0,0.0,0.11080029524827434,20.731707317073173,0.0,0.0,0.0,0.0,0.0,1.0,0.0,0.0,0.0,0.0,0.0,1.0
66,AlCrFeNi,0.0,25.0,25.0,0.0,25.0,25.0,0.0,0.0,0.0,0.0,0.0,0.0,0.0,0.0,0.0,0.0,0.0,0.0,0.0,0.0,0.0,0.0,0.0,0.0,0.3851339010899438,223.1746031746032,0.0,1.0,0.0,0.0,0.0,0.0,0.0,0.0,0.0,0.0,0.0,0.0
67,AlCrFeNiMo0.2,0.0,23.80952381,23.80952381,0.0,23.80952381,23.80952381,4.761904762,0.0,0.0,0.0,0.0,0.0,0.0,0.0,0.0,0.0,0.0,0.0,0.0,0.0,0.0,0.0,0.0,0.0,1.0892568227502286,228.76923076923077,0.0,1.0,0.0,0.0,0.0,0.0,0.0,0.0,0.0,0.0,0.0,0.0
68,AlCrFeNiMo0.5,0.0,22.22222222,22.22222222,0.0,22.22222222,22.22222222,11.11111111,0.0,0.0,0.0,0.0,0.0,0.0,0.0,0.0,0.0,0.0,0.0,0.0,0.0,0.0,0.0,0.0,0.0,1.7568019302982911,257.20588235294116,0.0,1.0,0.0,0.0,0.0,0.0,0.0,0.0,0.0,0.0,0.0,0.0
69,AlCrFeNiMo0.8,0.0,20.83333333,20.83333333,0.0,20.83333333,20.83333333,16.66666667,0.0,0.0,0.0,0.0,0.0,0.0,0.0,0.0,0.0,0.0,0.0,0.0,0.0,0.0,0.0,0.0,0.0,3.8783151488072014,216.14285714285714,0.0,0.0,0.0,0.0,0.0,0.0,0.0,0.0,0.0,0.0,0.0,0.0
70,CoCrCuFeNi,20.0,20.0,20.0,0.0,0.0,20.0,0.0,0.0,0.0,0.0,0.0,0.0,0.0,20.0,0.0,0.0,0.0,0.0,0.0,0.0,0.0,0.0,0.0,0.0,-2.7239802984489767,27.710843373493972,0.0,0.0,0.0,0.0,0.0,1.0,0.0,0.0,0.0,0.0,0.0,0.0
71,CoCrCuFeNi,20.0,20.0,20.0,0.0,0.0,20.0,0.0,0.0,0.0,0.0,0.0,0.0,0.0,20.0,0.0,0.0,0.0,0.0,0.0,0.0,0.0,0.0,0.0,0.0,-1.315734455128407,27.710843373493972,0.0,0.0,0.0,0.0,0.0,1.0,0.0,0.0,0.0,0.0,0.0,0.0
72,CoCrCuFeNiTi0.5,18.18181818,18.18181818,18.18181818,0.0,0.0,18.18181818,0.0,0.0,9.090909091,0.0,0.0,0.0,0.0,18.18181818,0.0,0.0,0.0,0.0,0.0,0.0,0.0,0.0,0.0,0.0,0.11080029524827434,89.74358974358975,0.0,0.0,0.0,0.0,0.0,1.0,0.0,0.0,0.0,0.0,0.0,0.0
73,CoCrCuFeNiTi0.5,18.18181818,18.18181818,18.18181818,0.0,0.0,18.18181818,0.0,0.0,9.090909091,0.0,0.0,0.0,0.0,18.18181818,0.0,0.0,0.0,0.0,0.0,0.0,0.0,0.0,0.0,0.0,0.11080029524827434,89.74358974358975,0.0,0.0,0.0,0.0,0.0,1.0,0.0,0.0,0.0,0.0,0.0,0.0
74,CoCrCuFeNiTi0.8,17.24137931,17.24137931,17.24137931,0.0,0.0,17.24137931,0.0,0.0,13.79310345,0.0,0.0,0.0,0.0,17.24137931,0.0,0.0,0.0,0.0,0.0,0.0,0.0,0.0,0.0,0.0,0.11080029524827434,137.10526315789474,0.0,0.0,0.0,0.0,0.0,0.0,0.0,0.0,0.0,0.0,1.0,0.0
75,CoCrCuFeNiTi,16.66666667,16.66666667,16.66666667,0.0,0.0,16.66666667,0.0,0.0,16.66666667,0.0,0.0,0.0,0.0,16.66666667,0.0,0.0,0.0,0.0,0.0,0.0,0.0,0.0,0.0,0.0,0.11080029524827434,171.89189189189187,0.0,0.0,0.0,0.0,0.0,1.0,0.0,0.0,0.0,0.0,0.0,0.0
76,Al0.25CoCrCu0.75FeNiTi0.5,18.18181818,18.18181818,18.18181818,0.0,4.545454545,18.18181818,0.0,0.0,9.090909091,0.0,0.0,0.0,0.0,13.63636364,0.0,0.0,0.0,0.0,0.0,0.0,0.0,0.0,0.0,0.0,0.11080029524827434,100.0,0.0,0.0,0.0,0.0,0.0,1.0,0.0,0.0,0.0,0.0,0.0,0.0
77,Al0.5CoCrCuFeNi,18.18181818,18.18181818,18.18181818,0.0,9.090909091,18.18181818,0.0,0.0,0.0,0.0,0.0,0.0,0.0,18.18181818,0.0,0.0,0.0,0.0,0.0,0.0,0.0,0.0,0.0,0.0,-2.010712923260636,51.05263157894737,0.0,0.0,0.0,0.0,0.0,1.0,0.0,0.0,0.0,0.0,0.0,0.0
78,AlCoCrCuFeNi,16.66666667,16.66666667,16.66666667,0.0,16.66666667,16.66666667,0.0,0.0,0.0,0.0,0.0,0.0,0.0,16.66666667,0.0,0.0,0.0,0.0,0.0,0.0,0.0,0.0,0.0,0.0,-0.218400031761729,133.80281690140845,0.0,0.0,0.0,0.0,0.0,0.0,1.0,0.0,0.0,0.0,0.0,0.0
79,AlCoCrCuFeNi,16.66666667,16.66666667,16.66666667,0.0,16.66666667,16.66666667,0.0,0.0,0.0,0.0,0.0,0.0,0.0,16.66666667,0.0,0.0,0.0,0.0,0.0,0.0,0.0,0.0,0.0,0.0,0.11080029524827434,183.5211267605634,0.0,0.0,0.0,0.0,0.0,0.0,1.0,0.0,0.0,0.0,0.0,0.0
80,AlCoCrCuFeMnNi,14.28571429,14.28571429,14.28571429,0.0,14.28571429,14.28571429,0.0,0.0,0.0,0.0,0.0,0.0,14.28571429,14.28571429,0.0,0.0,0.0,0.0,0.0,0.0,0.0,0.0,0.0,0.0,0.11080029524827434,141.5492957746479,0.0,0.0,0.0,0.0,0.0,0.0,0.0,0.0,1.0,0.0,0.0,0.0
81,AlCoCrCuFeNiTi,14.28571429,14.28571429,14.28571429,0.0,14.28571429,14.28571429,0.0,0.0,14.28571429,0.0,0.0,0.0,0.0,14.28571429,0.0,0.0,0.0,0.0,0.0,0.0,0.0,0.0,0.0,0.0,0.11080029524827434,186.96969696969697,0.0,0.0,0.0,0.0,0.0,0.0,1.0,0.0,0.0,0.0,0.0,0.0
82,AlCoCrCuFeNiV,14.28571429,14.28571429,14.28571429,0.0,14.28571429,14.28571429,0.0,0.0,0.0,0.0,14.28571429,0.0,0.0,14.28571429,0.0,0.0,0.0,0.0,0.0,0.0,0.0,0.0,0.0,0.0,0.11080029524827434,212.89855072463766,0.0,0.0,0.0,0.0,0.0,0.0,1.0,0.0,0.0,0.0,0.0,0.0
83,Al2CoCrCuFeNi,14.28571429,14.28571429,14.28571429,0.0,28.57142857,14.28571429,0.0,0.0,0.0,0.0,0.0,0.0,0.0,14.28571429,0.0,0.0,0.0,0.0,0.0,0.0,0.0,0.0,0.0,0.0,1.1898458115588408,257.14285714285717,0.0,0.0,0.0,0.0,0.0,0.0,1.0,0.0,0.0,0.0,0.0,0.0
84,Al0.5CoCrCu0.5FeNiTi0.5,18.18181818,18.18181818,18.18181818,0.0,9.090909091,18.18181818,0.0,0.0,9.090909091,0.0,0.0,0.0,0.0,9.090909091,0.0,0.0,0.0,0.0,0.0,0.0,0.0,0.0,0.0,0.0,0.11080029524827434,222.53521126760563,0.0,0.0,0.0,0.0,0.0,0.0,1.0,0.0,0.0,0.0,0.0,0.0
85,Al0.75CoCrCu0.25FeNiTi0.5,18.18181818,18.18181818,18.18181818,0.0,13.63636364,18.18181818,0.0,0.0,9.090909091,0.0,0.0,0.0,0.0,4.545454545,0.0,0.0,0.0,0.0,0.0,0.0,0.0,0.0,0.0,0.0,0.11080029524827434,279.4117647058824,0.0,0.0,0.0,0.0,0.0,0.0,1.0,0.0,0.0,0.0,0.0,0.0
86,AlCoFeNi,25.0,25.0,25.0,0.0,25.0,0.0,0.0,0.0,0.0,0.0,0.0,0.0,0.0,0.0,0.0,0.0,0.0,0.0,0.0,0.0,0.0,0.0,0.0,0.0,0.23882264464105343,146.06060606060606,1.0,0.0,0.0,0.0,0.0,0.0,0.0,0.0,0.0,0.0,0.0,0.0
87,Al1.125CuFe0.75NiTi1.125,0.0,15.0,20.0,0.0,22.5,0.0,0.0,0.0,22.5,0.0,0.0,0.0,0.0,20.0,0.0,0.0,0.0,0.0,0.0,0.0,0.0,0.0,0.0,0.0,0.7874898563243923,166.10169491525423,0.0,0.0,0.0,0.0,0.0,1.0,0.0,0.0,0.0,0.0,0.0,0.0
88,Al22.5Cu20Fe15Ni20Ti22.5,0.0,15.0,20.0,0.0,22.5,0.0,0.0,0.0,22.5,0.0,0.0,0.0,0.0,20.0,0.0,0.0,0.0,0.0,0.0,0.0,0.0,0.0,0.0,0.0,0.7874898563243923,166.10169491525423,0.0,0.0,0.0,0.0,0.0,1.0,0.0,0.0,0.0,0.0,0.0,0.0
89,AlCuFeNiTi,0.0,20.0,20.0,0.0,20.0,0.0,0.0,0.0,20.0,0.0,0.0,0.0,0.0,20.0,0.0,0.0,0.0,0.0,0.0,0.0,0.0,0.0,0.0,0.0,0.7874898563243923,176.06557377049182,0.0,0.0,0.0,0.0,0.0,1.0,0.0,0.0,0.0,0.0,0.0,0.0
90,AlCuNiTi,0.0,0.0,25.0,0.0,25.0,0.0,0.0,0.0,25.0,0.0,0.0,0.0,0.0,25.0,0.0,0.0,0.0,0.0,0.0,0.0,0.0,0.0,0.0,0.0,0.9795233804135609,52.63157894736842,0.0,0.0,0.0,0.0,0.0,1.0,0.0,0.0,0.0,0.0,0.0,0.0
91,AlLi0.5MgSn0.2Zn0.5,0.0,0.0,0.0,0.0,31.25,0.0,0.0,0.0,0.0,0.0,0.0,0.0,0.0,0.0,0.0,0.0,6.25,15.625,31.25,15.625,0.0,0.0,0.0,0.0,0.11080029524827434,188.27586206896552,0.0,0.0,0.0,0.0,0.0,0.0,0.0,0.0,0.0,0.0,1.0,0.0
92,AlLiMgSnZn,0.0,0.0,0.0,0.0,20.0,0.0,0.0,0.0,0.0,0.0,0.0,0.0,0.0,0.0,0.0,0.0,20.0,20.0,20.0,20.0,0.0,0.0,0.0,0.0,0.11080029524827434,153.84615384615384,0.0,0.0,0.0,0.0,0.0,0.0,0.0,0.0,0.0,1.0,0.0,0.0
93,Al8Li0.5Mg0.5Sn0.5Zn0.5,0.0,0.0,0.0,0.0,80.0,0.0,0.0,0.0,0.0,0.0,0.0,0.0,0.0,0.0,0.0,0.0,5.0,5.0,5.0,5.0,0.0,0.0,0.0,0.0,0.11080029524827434,138.33333333333334,0.0,0.0,0.0,0.0,0.0,0.0,0.0,0.0,0.0,0.0,1.0,0.0
94,Al8Cu0.5Li0.5Mg0.5Zn0.5,0.0,0.0,0.0,0.0,80.0,0.0,0.0,0.0,0.0,0.0,0.0,0.0,0.0,5.0,0.0,0.0,0.0,5.0,5.0,5.0,0.0,0.0,0.0,0.0,0.11080029524827434,168.27586206896552,0.0,0.0,0.0,0.0,0.0,0.0,0.0,0.0,0.0,0.0,1.0,0.0
95,AlCr0.5NbTiV,0.0,0.0,0.0,0.0,22.22222222,11.11111111,0.0,22.22222222,22.22222222,0.0,22.22222222,0.0,0.0,0.0,0.0,0.0,0.0,0.0,0.0,0.0,0.0,0.0,0.0,0.0,0.11080029524827434,232.14285714285717,1.0,0.0,0.0,0.0,0.0,0.0,0.0,0.0,0.0,0.0,0.0,0.0
96,AlCrNbTiV,0.0,0.0,0.0,0.0,20.0,20.0,0.0,20.0,20.0,0.0,20.0,0.0,0.0,0.0,0.0,0.0,0.0,0.0,0.0,0.0,0.0,0.0,0.0,0.0,0.11080029524827434,267.2413793103448,0.0,0.0,1.0,0.0,0.0,0.0,0.0,0.0,0.0,0.0,0.0,0.0
97,AlCr1.5NbTiV,0.0,0.0,0.0,0.0,18.18181818,27.27272727,0.0,18.18181818,18.18181818,0.0,18.18181818,0.0,0.0,0.0,0.0,0.0,0.0,0.0,0.0,0.0,0.0,0.0,0.0,0.0,0.11080029524827434,288.135593220339,0.0,0.0,0.0,0.0,0.0,0.0,0.0,0.0,0.0,0.0,1.0,0.0
98,Al0.4Hf0.6NbTaTiZr,0.0,0.0,0.0,0.0,8.0,0.0,0.0,20.0,20.0,0.0,0.0,20.0,0.0,0.0,0.0,0.0,0.0,0.0,0.0,0.0,0.0,12.0,20.0,0.0,0.641178599875502,202.30769230769232,1.0,0.0,0.0,0.0,0.0,0.0,0.0,0.0,0.0,0.0,0.0,0.0
99,Al0.3HfNbTaTiZr,0.0,0.0,0.0,0.0,5.660377358,0.0,0.0,18.86792453,18.86792453,0.0,0.0,18.86792453,0.0,0.0,0.0,0.0,0.0,0.0,0.0,0.0,0.0,18.86792453,18.86792453,0.0,-0.7030560687486783,125.05263157894737,1.0,0.0,0.0,0.0,0.0,0.0,0.0,0.0,0.0,0.0,0.0,0.0
100,Al0.5HfNbTaTiZr,0.0,0.0,0.0,0.0,9.090909091,0.0,0.0,18.18181818,18.18181818,0.0,0.0,18.18181818,0.0,0.0,0.0,0.0,0.0,0.0,0.0,0.0,0.0,18.18181818,18.18181818,0.0,-0.30984456704228547,140.0,1.0,0.0,0.0,0.0,0.0,0.0,0.0,0.0,0.0,0.0,0.0,0.0
101,Al0.75HfNbTaTiZr,0.0,0.0,0.0,0.0,13.04347826,0.0,0.0,17.39130435,17.39130435,0.0,0.0,17.39130435,0.0,0.0,0.0,0.0,0.0,0.0,0.0,0.0,0.0,17.39130435,17.39130435,0.0,-0.026366507672560383,152.15053763440858,1.0,0.0,0.0,0.0,0.0,0.0,0.0,0.0,0.0,0.0,0.0,0.0
102,AlHfNbTaTiZr,0.0,0.0,0.0,0.0,16.66666667,0.0,0.0,16.66666667,16.66666667,0.0,0.0,16.66666667,0.0,0.0,0.0,0.0,0.0,0.0,0.0,0.0,0.0,16.66666667,16.66666667,0.0,0.1016558417202187,173.13953488372093,0.0,0.0,1.0,0.0,0.0,0.0,0.0,0.0,0.0,0.0,0.0,0.0
103,AlMo0.5NbTa0.5TiZr,0.0,0.0,0.0,0.0,20.0,0.0,10.0,20.0,20.0,0.0,0.0,20.0,0.0,0.0,0.0,0.0,0.0,0.0,0.0,0.0,0.0,0.0,10.0,0.0,1.4733238709285659,281.69014084507046,1.0,0.0,0.0,0.0,0.0,0.0,0.0,0.0,0.0,0.0,0.0,0.0
104,Al0.25MoNbTiV,0.0,0.0,0.0,0.0,5.882352941,0.0,23.52941176,23.52941176,23.52941176,0.0,23.52941176,0.0,0.0,0.0,0.0,0.0,0.0,0.0,0.0,0.0,0.0,0.0,0.0,0.0,0.275400458753276,176.05633802816902,1.0,0.0,0.0,0.0,0.0,0.0,0.0,0.0,0.0,0.0,0.0,0.0
105,Al0.5MoNbTiV,0.0,0.0,0.0,0.0,11.11111111,0.0,22.22222222,22.22222222,22.22222222,0.0,22.22222222,0.0,0.0,0.0,0.0,0.0,0.0,0.0,0.0,0.0,0.0,0.0,0.0,0.0,0.5223007040107785,238.97058823529412,1.0,0.0,0.0,0.0,0.0,0.0,0.0,0.0,0.0,0.0,0.0,0.0
106,Al0.75MoNbTiV,0.0,0.0,0.0,0.0,15.78947368,0.0,21.05263158,21.05263158,21.05263158,0.0,21.05263158,0.0,0.0,0.0,0.0,0.0,0.0,0.0,0.0,0.0,0.0,0.0,0.0,0.0,0.796634309852448,190.9090909090909,1.0,0.0,0.0,0.0,0.0,0.0,0.0,0.0,0.0,0.0,0.0,0.0
107,AlMoNbTiV,0.0,0.0,0.0,0.0,20.0,0.0,20.0,20.0,20.0,0.0,20.0,0.0,0.0,0.0,0.0,0.0,0.0,0.0,0.0,0.0,0.0,0.0,0.0,0.0,0.9795233804135609,214.84375,1.0,0.0,0.0,0.0,0.0,0.0,0.0,0.0,0.0,0.0,0.0,0.0
108,Al0.25NbTaTiV,0.0,0.0,0.0,0.0,5.882352941,0.0,0.0,23.52941176,23.52941176,0.0,23.52941176,0.0,0.0,0.0,0.0,0.0,0.0,0.0,0.0,0.0,0.0,0.0,23.52941176,0.0,0.11080029524827434,151.13636363636363,1.0,0.0,0.0,0.0,0.0,0.0,0.0,0.0,0.0,0.0,0.0,0.0
109,Al0.5NbTaTiV,0.0,0.0,0.0,0.0,11.11111111,0.0,0.0,22.22222222,22.22222222,0.0,22.22222222,0.0,0.0,0.0,0.0,0.0,0.0,0.0,0.0,0.0,0.0,0.0,22.22222222,0.0,0.11080029524827434,119.29411764705883,1.0,0.0,0.0,0.0,0.0,0.0,0.0,0.0,0.0,0.0,0.0,0.0
110,AlNbTaTiV,0.0,0.0,0.0,0.0,20.0,0.0,0.0,20.0,20.0,0.0,20.0,0.0,0.0,0.0,0.0,0.0,0.0,0.0,0.0,0.0,0.0,0.0,20.0,0.0,0.11080029524827434,125.69620253164557,1.0,0.0,0.0,0.0,0.0,0.0,0.0,0.0,0.0,0.0,0.0,0.0
111,Al0.3NbTa0.8Ti1.4V0.2Zr1.3,0.0,0.0,0.0,0.0,6.0,0.0,0.0,20.0,28.0,0.0,4.0,26.0,0.0,0.0,0.0,0.0,0.0,0.0,0.0,0.0,0.0,0.0,16.0,0.0,0.641178599875502,255.19480519480518,1.0,0.0,0.0,0.0,0.0,0.0,0.0,0.0,0.0,0.0,0.0,0.0
112,Al0.5NbTa0.8Ti1.5V0.2Zr,0.0,0.0,0.0,0.0,10.0,0.0,0.0,20.0,30.0,0.0,4.0,20.0,0.0,0.0,0.0,0.0,0.0,0.0,0.0,0.0,0.0,0.0,16.0,0.0,0.9155122057171714,267.7631578947369,1.0,0.0,0.0,0.0,0.0,0.0,0.0,0.0,0.0,0.0,0.0,0.0
113,Al0.3NbTaTi1.4Zr1.3,0.0,0.0,0.0,0.0,6.0,0.0,0.0,20.0,28.0,0.0,0.0,26.0,0.0,0.0,0.0,0.0,0.0,0.0,0.0,0.0,0.0,0.0,20.0,0.0,0.5497340645949454,242.5925925925926,1.0,0.0,0.0,0.0,0.0,0.0,0.0,0.0,0.0,0.0,0.0,0.0
114,AlNb1.5Ta0.5Ti1.5Zr0.5,0.0,0.0,0.0,0.0,20.0,0.0,0.0,30.0,30.0,0.0,0.0,10.0,0.0,0.0,0.0,0.0,0.0,0.0,0.0,0.0,0.0,0.0,10.0,0.0,-0.2001111247056177,188.23529411764707,1.0,0.0,0.0,0.0,0.0,0.0,0.0,0.0,0.0,0.0,0.0,0.0
115,AlNbTiV,0.0,0.0,0.0,0.0,25.0,0.0,0.0,25.0,25.0,0.0,25.0,0.0,0.0,0.0,0.0,0.0,0.0,0.0,0.0,0.0,0.0,0.0,0.0,0.0,0.16566701641660822,185.45454545454547,1.0,0.0,0.0,0.0,0.0,0.0,0.0,0.0,0.0,0.0,0.0,0.0
116,AlNbTiV,0.0,0.0,0.0,0.0,25.0,0.0,0.0,25.0,25.0,0.0,25.0,0.0,0.0,0.0,0.0,0.0,0.0,0.0,0.0,0.0,0.0,0.0,0.0,0.0,0.11080029524827434,181.8181818181818,1.0,0.0,0.0,0.0,0.0,0.0,0.0,0.0,0.0,0.0,0.0,0.0
117,CrHfNbTiZr,0.0,0.0,0.0,0.0,0.0,20.0,0.0,20.0,20.0,0.0,0.0,20.0,0.0,0.0,0.0,0.0,0.0,0.0,0.0,0.0,0.0,20.0,0.0,0.0,0.22967819111299778,167.6829268292683,0.0,0.0,0.0,1.0,0.0,0.0,0.0,0.0,0.0,0.0,0.0,0.0
118,CrMo0.5NbTa0.5TiZr,0.0,0.0,0.0,0.0,0.0,20.0,10.0,20.0,20.0,0.0,0.0,20.0,0.0,0.0,0.0,0.0,0.0,0.0,0.0,0.0,0.0,0.0,10.0,0.0,1.0069567409977278,199.375,0.0,0.0,1.0,0.0,0.0,0.0,0.0,0.0,0.0,0.0,0.0,0.0
119,CrNbTiVZr,0.0,0.0,0.0,0.0,0.0,20.0,0.0,20.0,20.0,0.0,20.0,20.0,0.0,0.0,0.0,0.0,0.0,0.0,0.0,0.0,0.0,0.0,0.0,0.0,0.4765784363705003,196.66666666666669,0.0,0.0,1.0,0.0,0.0,0.0,0.0,0.0,0.0,0.0,0.0,0.0
120,CrNbTiZr,0.0,0.0,0.0,0.0,0.0,25.0,0.0,25.0,25.0,0.0,0.0,25.0,0.0,0.0,0.0,0.0,0.0,0.0,0.0,0.0,0.0,0.0,0.0,0.0,-0.10866658942506122,190.9090909090909,0.0,0.0,1.0,0.0,0.0,0.0,0.0,0.0,0.0,0.0,0.0,0.0
121,Hf0.5Mo0.5NbTiZr,0.0,0.0,0.0,0.0,0.0,0.0,12.5,25.0,25.0,0.0,0.0,25.0,0.0,0.0,0.0,0.0,0.0,0.0,0.0,0.0,0.0,12.5,0.0,0.0,-0.2732667529300629,149.1139240506329,0.0,0.0,1.0,0.0,0.0,0.0,0.0,0.0,0.0,0.0,0.0,0.0
122,Hf0.5Mo0.5NbSi0.1TiZr,0.0,0.0,0.0,2.43902439,0.0,0.0,12.19512195,24.3902439,24.3902439,0.0,0.0,24.3902439,0.0,0.0,0.0,0.0,0.0,0.0,0.0,0.0,0.0,12.19512195,0.0,0.0,0.11080029524827434,177.27272727272728,0.0,0.0,1.0,0.0,0.0,0.0,0.0,0.0,0.0,0.0,0.0,0.0
123,Hf0.5Mo0.5NbSi0.3TiZr,0.0,0.0,0.0,6.976744186,0.0,0.0,11.62790698,23.25581395,23.25581395,0.0,0.0,23.25581395,0.0,0.0,0.0,0.0,0.0,0.0,0.0,0.0,0.0,11.62790698,0.0,0.0,0.586311878707168,190.4,0.0,0.0,1.0,0.0,0.0,0.0,0.0,0.0,0.0,0.0,0.0,0.0
124,Hf0.5Mo0.5NbSi0.5TiZr,0.0,0.0,0.0,11.11111111,0.0,0.0,11.11111111,22.22222222,22.22222222,0.0,0.0,22.22222222,0.0,0.0,0.0,0.0,0.0,0.0,0.0,0.0,0.0,11.11111111,0.0,0.0,0.8606454845488375,222.91666666666666,0.0,0.0,1.0,0.0,0.0,0.0,0.0,0.0,0.0,0.0,0.0,0.0
125,Hf0.5Mo0.5NbSi0.7TiZr,0.0,0.0,0.0,14.89361702,0.0,0.0,10.63829787,21.27659574,21.27659574,0.0,0.0,21.27659574,0.0,0.0,0.0,0.0,0.0,0.0,0.0,0.0,0.0,10.63829787,0.0,0.0,1.3727348821199539,229.14285714285714,0.0,0.0,1.0,0.0,0.0,0.0,0.0,0.0,0.0,0.0,0.0,0.0
126,Hf0.5Mo0.5NbSi0.9TiZr,0.0,0.0,0.0,18.36734694,0.0,0.0,10.20408163,20.40816327,20.40816327,0.0,0.0,20.40816327,0.0,0.0,0.0,0.0,0.0,0.0,0.0,0.0,0.0,10.20408163,0.0,0.0,1.9214020938032927,246.61764705882354,0.0,0.0,1.0,0.0,0.0,0.0,0.0,0.0,0.0,0.0,0.0,0.0
127,Hf0.5Mo0.5NbTiZrC0.1,0.0,0.0,0.0,0.0,0.0,0.0,12.19512195,24.3902439,24.3902439,2.43902439,0.0,24.3902439,0.0,0.0,0.0,0.0,0.0,0.0,0.0,0.0,0.0,12.19512195,0.0,0.0,0.11080029524827434,151.66666666666666,0.0,0.0,0.0,1.0,0.0,0.0,0.0,0.0,0.0,0.0,0.0,0.0
128,Hf0.5Mo0.5NbTiZrC0.3,0.0,0.0,0.0,0.0,0.0,0.0,11.62790698,23.25581395,23.25581395,6.976744186,0.0,23.25581395,0.0,0.0,0.0,0.0,0.0,0.0,0.0,0.0,0.0,11.62790698,0.0,0.0,0.11080029524827434,155.97402597402598,0.0,0.0,0.0,1.0,0.0,0.0,0.0,0.0,0.0,0.0,0.0,0.0
129,HfMo0.25NbTaTiZr,0.0,0.0,0.0,0.0,0.0,0.0,4.761904762,19.04761905,19.04761905,0.0,0.0,19.04761905,0.0,0.0,0.0,0.0,0.0,0.0,0.0,0.0,0.0,19.04761905,19.04761905,0.0,-0.3189890205703411,112.32323232323232,1.0,0.0,0.0,0.0,0.0,0.0,0.0,0.0,0.0,0.0,0.0,0.0
130,HfMo0.5NbTaTiZr,0.0,0.0,0.0,0.0,0.0,0.0,9.090909091,18.18181818,18.18181818,0.0,0.0,18.18181818,0.0,0.0,0.0,0.0,0.0,0.0,0.0,0.0,0.0,18.18181818,18.18181818,0.0,0.458289529314389,131.7,1.0,0.0,0.0,0.0,0.0,0.0,0.0,0.0,0.0,0.0,0.0,0.0
131,HfMo0.75NbTaTiZr,0.0,0.0,0.0,0.0,0.0,0.0,13.04347826,17.39130435,17.39130435,0.0,0.0,17.39130435,0.0,0.0,0.0,0.0,0.0,0.0,0.0,0.0,0.0,17.39130435,17.39130435,0.0,0.5680229716510568,137.3,1.0,0.0,0.0,0.0,0.0,0.0,0.0,0.0,0.0,0.0,0.0,0.0
132,HfMoNbTaTiZr,0.0,0.0,0.0,0.0,0.0,0.0,16.66666667,16.66666667,16.66666667,0.0,0.0,16.66666667,0.0,0.0,0.0,0.0,0.0,0.0,0.0,0.0,0.0,16.66666667,16.66666667,0.0,0.6869008675157802,151.2,1.0,0.0,0.0,0.0,0.0,0.0,0.0,0.0,0.0,0.0,0.0,0.0
133,HfMoNbTaTiZr,0.0,0.0,0.0,0.0,0.0,0.0,16.66666667,16.66666667,16.66666667,0.0,0.0,16.66666667,0.0,0.0,0.0,0.0,0.0,0.0,0.0,0.0,0.0,16.66666667,16.66666667,0.0,0.6869008675157802,151.2,1.0,0.0,0.0,0.0,0.0,0.0,0.0,0.0,0.0,0.0,0.0,0.0
134,HfMoTaTiZr,0.0,0.0,0.0,0.0,0.0,0.0,20.0,0.0,20.0,0.0,0.0,20.0,0.0,0.0,0.0,0.0,0.0,0.0,0.0,0.0,0.0,20.0,20.0,0.0,1.0252456480538392,156.86274509803923,1.0,0.0,0.0,0.0,0.0,0.0,0.0,0.0,0.0,0.0,0.0,0.0
135,HfMoNbZrTi,0.0,0.0,0.0,0.0,0.0,0.0,20.0,20.0,20.0,0.0,0.0,20.0,0.0,0.0,0.0,0.0,0.0,0.0,0.0,0.0,0.0,20.0,0.0,0.0,0.11080029524827434,207.24137931034485,1.0,0.0,0.0,0.0,0.0,0.0,0.0,0.0,0.0,0.0,0.0,0.0
136,HfNbSi0.5TiV,0.0,0.0,0.0,11.11111111,0.0,0.0,0.0,22.22222222,22.22222222,0.0,22.22222222,0.0,0.0,0.0,0.0,0.0,0.0,0.0,0.0,0.0,0.0,22.22222222,0.0,0.0,0.5497340645949454,162.67441860465118,0.0,0.0,0.0,1.0,0.0,0.0,0.0,0.0,0.0,0.0,0.0,0.0
137,HfNbSi0.5TiVZr,0.0,0.0,0.0,9.090909091,0.0,0.0,0.0,18.18181818,18.18181818,0.0,18.18181818,18.18181818,0.0,0.0,0.0,0.0,0.0,0.0,0.0,0.0,0.0,18.18181818,0.0,0.0,0.3119782728654986,197.43589743589743,0.0,0.0,0.0,1.0,0.0,0.0,0.0,0.0,0.0,0.0,0.0,0.0
138,HfNbTaZr,0.0,0.0,0.0,0.0,0.0,0.0,0.0,25.0,0.0,0.0,0.0,25.0,0.0,0.0,0.0,0.0,0.0,0.0,0.0,0.0,0.0,25.0,25.0,0.0,-0.5933226264120106,118.46846846846847,1.0,0.0,0.0,0.0,0.0,0.0,0.0,0.0,0.0,0.0,0.0,0.0
139,Hf0.5Nb0.5Ta0.5Ti1.5Zr,0.0,0.0,0.0,0.0,0.0,0.0,0.0,12.5,37.5,0.0,0.0,25.0,0.0,0.0,0.0,0.0,0.0,0.0,0.0,0.0,0.0,12.5,12.5,0.0,-1.178567652207572,111.48148148148148,1.0,0.0,0.0,0.0,0.0,0.0,0.0,0.0,0.0,0.0,0.0,1.0
140,HfNbTaTiZr,0.0,0.0,0.0,0.0,0.0,0.0,0.0,20.0,20.0,0.0,0.0,20.0,0.0,0.0,0.0,0.0,0.0,0.0,0.0,0.0,0.0,20.0,20.0,0.0,-0.86765623225368,102.52525252525253,1.0,0.0,0.0,0.0,0.0,0.0,0.0,0.0,0.0,0.0,0.0,0.0
141,HfNbTaTiZr,0.0,0.0,0.0,0.0,0.0,0.0,0.0,20.0,20.0,0.0,0.0,20.0,0.0,0.0,0.0,0.0,0.0,0.0,0.0,0.0,0.0,20.0,20.0,0.0,-1.233434373375906,110.61855670103094,1.0,0.0,0.0,0.0,0.0,0.0,0.0,0.0,0.0,0.0,0.0,0.0
142,HfNbTaTiZr,0.0,0.0,0.0,0.0,0.0,0.0,0.0,20.0,20.0,0.0,0.0,20.0,0.0,0.0,0.0,0.0,0.0,0.0,0.0,0.0,0.0,20.0,20.0,0.0,-0.3647112882106194,93.83838383838383,1.0,0.0,0.0,0.0,0.0,0.0,0.0,0.0,0.0,0.0,0.0,0.0
143,HfNbTiVZr,0.0,0.0,0.0,0.0,0.0,0.0,0.0,20.0,20.0,0.0,20.0,20.0,0.0,0.0,0.0,0.0,0.0,0.0,0.0,0.0,0.0,20.0,0.0,0.0,-0.3830001952667307,144.44444444444446,0.0,0.0,0.0,1.0,0.0,0.0,0.0,0.0,0.0,0.0,0.0,0.0
144,HfNbTiZr,0.0,0.0,0.0,0.0,0.0,0.0,0.0,25.0,25.0,0.0,0.0,25.0,0.0,0.0,0.0,0.0,0.0,0.0,0.0,0.0,0.0,25.0,0.0,0.0,0.11080029524827434,104.64285714285714,1.0,0.0,0.0,0.0,0.0,0.0,0.0,0.0,0.0,0.0,0.0,1.0
145,MoNbTaV,0.0,0.0,0.0,0.0,0.0,0.0,25.0,25.0,0.0,0.0,25.0,0.0,0.0,0.0,0.0,0.0,0.0,0.0,0.0,0.0,0.0,0.0,25.0,0.0,0.6777564139877246,142.52336448598132,1.0,0.0,0.0,0.0,0.0,0.0,0.0,0.0,0.0,0.0,0.0,0.0
146,MoNbTaVW,0.0,0.0,0.0,0.0,0.0,0.0,20.0,20.0,0.0,0.0,20.0,0.0,0.0,0.0,0.0,0.0,0.0,0.0,0.0,0.0,0.0,0.0,20.0,20.0,0.9703789268855053,100.48387096774194,1.0,0.0,0.0,0.0,0.0,0.0,0.0,0.0,0.0,0.0,0.0,0.0
147,MoNbTaW,0.0,0.0,0.0,0.0,0.0,0.0,25.0,25.0,0.0,0.0,0.0,0.0,0.0,0.0,0.0,0.0,0.0,0.0,0.0,0.0,0.0,0.0,25.0,25.0,0.22053373758494213,77.22627737226277,1.0,0.0,0.0,0.0,0.0,0.0,0.0,0.0,0.0,0.0,0.0,0.0
148,MoNbTiV,0.0,0.0,0.0,0.0,0.0,0.0,25.0,25.0,25.0,0.0,25.0,0.0,0.0,0.0,0.0,0.0,0.0,0.0,0.0,0.0,0.0,0.0,0.0,0.0,0.1016558417202187,164.38356164383563,1.0,0.0,0.0,0.0,0.0,0.0,0.0,0.0,0.0,0.0,0.0,0.0
149,Mo0.3NbTiVZr,0.0,0.0,0.0,0.0,0.0,0.0,6.976744186,23.25581395,23.25581395,0.0,23.25581395,23.25581395,0.0,0.0,0.0,0.0,0.0,0.0,0.0,0.0,0.0,0.0,0.0,0.0,0.11080029524827434,192.38805970149252,1.0,0.0,0.0,0.0,0.0,0.0,0.0,0.0,0.0,0.0,0.0,0.0
150,Mo0.5NbTiVZr,0.0,0.0,0.0,0.0,0.0,0.0,11.11111111,22.22222222,22.22222222,0.0,22.22222222,22.22222222,0.0,0.0,0.0,0.0,0.0,0.0,0.0,0.0,0.0,0.0,0.0,0.0,0.11080029524827434,216.61764705882354,1.0,0.0,0.0,0.0,0.0,0.0,0.0,0.0,0.0,0.0,0.0,0.0
151,Mo0.7NbTiVZr,0.0,0.0,0.0,0.0,0.0,0.0,14.89361702,21.27659574,21.27659574,0.0,21.27659574,21.27659574,0.0,0.0,0.0,0.0,0.0,0.0,0.0,0.0,0.0,0.0,0.0,0.0,0.11080029524827434,243.71428571428572,1.0,0.0,0.0,0.0,0.0,0.0,0.0,0.0,0.0,0.0,0.0,0.0
152,MoNbTiVZr,0.0,0.0,0.0,0.0,0.0,0.0,20.0,20.0,20.0,0.0,20.0,20.0,0.0,0.0,0.0,0.0,0.0,0.0,0.0,0.0,0.0,0.0,0.0,0.0,0.11080029524827434,250.56338028169014,1.0,0.0,0.0,0.0,0.0,0.0,0.0,0.0,0.0,0.0,0.0,0.0
153,Mo1.3NbTiVZr,0.0,0.0,0.0,0.0,0.0,0.0,24.52830189,18.86792453,18.86792453,0.0,18.86792453,18.86792453,0.0,0.0,0.0,0.0,0.0,0.0,0.0,0.0,0.0,0.0,0.0,0.0,0.11080029524827434,204.93150684931507,1.0,0.0,0.0,0.0,0.0,0.0,0.0,0.0,0.0,0.0,0.0,0.0
154,Mo1.5NbTiVZr,0.0,0.0,0.0,0.0,0.0,0.0,27.27272727,18.18181818,18.18181818,0.0,18.18181818,18.18181818,0.0,0.0,0.0,0.0,0.0,0.0,0.0,0.0,0.0,0.0,0.0,0.0,0.11080029524827434,216.6216216216216,1.0,0.0,0.0,0.0,0.0,0.0,0.0,0.0,0.0,0.0,0.0,0.0
155,Mo1.7NbTiVZr,0.0,0.0,0.0,0.0,0.0,0.0,29.8245614,17.54385965,17.54385965,0.0,17.54385965,17.54385965,0.0,0.0,0.0,0.0,0.0,0.0,0.0,0.0,0.0,0.0,0.0,0.0,0.11080029524827434,219.33333333333334,1.0,0.0,0.0,0.0,0.0,0.0,0.0,0.0,0.0,0.0,0.0,0.0
156,Mo2NbTiVZr,0.0,0.0,0.0,0.0,0.0,0.0,33.33333333,16.66666667,16.66666667,0.0,16.66666667,16.66666667,0.0,0.0,0.0,0.0,0.0,0.0,0.0,0.0,0.0,0.0,0.0,0.0,0.11080029524827434,232.23684210526318,1.0,0.0,0.0,0.0,0.0,0.0,0.0,0.0,0.0,0.0,0.0,0.0
157,MoNbTiV0.25Zr,0.0,0.0,0.0,0.0,0.0,0.0,23.52941176,23.52941176,23.52941176,0.0,5.882352941,23.52941176,0.0,0.0,0.0,0.0,0.0,0.0,0.0,0.0,0.0,0.0,0.0,0.0,0.11080029524827434,243.2876712328767,1.0,0.0,0.0,0.0,0.0,0.0,0.0,0.0,0.0,0.0,0.0,0.0
158,MoNbTiV0.50Zr,0.0,0.0,0.0,0.0,0.0,0.0,22.22222222,22.22222222,22.22222222,0.0,11.11111111,22.22222222,0.0,0.0,0.0,0.0,0.0,0.0,0.0,0.0,0.0,0.0,0.0,0.0,0.11080029524827434,228.75,1.0,0.0,0.0,0.0,0.0,0.0,0.0,0.0,0.0,0.0,0.0,0.0
159,MoNbTiV0.75Zr,0.0,0.0,0.0,0.0,0.0,0.0,21.05263158,21.05263158,21.05263158,0.0,15.78947368,21.05263158,0.0,0.0,0.0,0.0,0.0,0.0,0.0,0.0,0.0,0.0,0.0,0.0,0.11080029524827434,237.22222222222223,1.0,0.0,0.0,0.0,0.0,0.0,0.0,0.0,0.0,0.0,0.0,0.0
160,MoNbTiV1.0Zr,0.0,0.0,0.0,0.0,0.0,0.0,20.0,20.0,20.0,0.0,20.0,20.0,0.0,0.0,0.0,0.0,0.0,0.0,0.0,0.0,0.0,0.0,0.0,0.0,0.11080029524827434,251.5492957746479,1.0,0.0,0.0,0.0,0.0,0.0,0.0,0.0,0.0,0.0,0.0,0.0
161,MoNbTiV1.5Zr,0.0,0.0,0.0,0.0,0.0,0.0,18.18181818,18.18181818,18.18181818,0.0,27.27272727,18.18181818,0.0,0.0,0.0,0.0,0.0,0.0,0.0,0.0,0.0,0.0,0.0,0.0,0.11080029524827434,244.3661971830986,1.0,0.0,0.0,0.0,0.0,0.0,0.0,0.0,0.0,0.0,0.0,0.0
162,MoNbTiV2.0Zr,0.0,0.0,0.0,0.0,0.0,0.0,16.66666667,16.66666667,16.66666667,0.0,33.33333333,16.66666667,0.0,0.0,0.0,0.0,0.0,0.0,0.0,0.0,0.0,0.0,0.0,0.0,0.11080029524827434,219.71428571428572,1.0,0.0,0.0,0.0,0.0,0.0,0.0,0.0,0.0,0.0,0.0,0.0
163,MoNbTiV3.0Zr,0.0,0.0,0.0,0.0,0.0,0.0,14.28571429,14.28571429,14.28571429,0.0,42.85714286,14.28571429,0.0,0.0,0.0,0.0,0.0,0.0,0.0,0.0,0.0,0.0,0.0,0.0,0.11080029524827434,205.5072463768116,1.0,0.0,0.0,0.0,0.0,0.0,0.0,0.0,0.0,0.0,0.0,0.0
164,MoNbTiZr,0.0,0.0,0.0,0.0,0.0,0.0,25.0,25.0,25.0,0.0,0.0,25.0,0.0,0.0,0.0,0.0,0.0,0.0,0.0,0.0,0.0,0.0,0.0,0.0,0.11080029524827434,218.08219178082192,1.0,0.0,0.0,0.0,0.0,0.0,0.0,0.0,0.0,0.0,0.0,0.0
165,NbTaTiV,0.0,0.0,0.0,0.0,0.0,0.0,0.0,25.0,25.0,0.0,25.0,0.0,0.0,0.0,0.0,0.0,0.0,0.0,0.0,0.0,0.0,0.0,25.0,0.0,0.11080029524827434,118.69565217391305,1.0,0.0,0.0,0.0,0.0,0.0,0.0,0.0,0.0,0.0,0.0,0.0
166,NbTaVW,0.0,0.0,0.0,0.0,0.0,0.0,0.0,25.0,0.0,0.0,25.0,0.0,0.0,0.0,0.0,0.0,0.0,0.0,0.0,0.0,0.0,0.0,25.0,25.0,0.5680229716510568,118.60465116279069,1.0,0.0,0.0,0.0,0.0,0.0,0.0,0.0,0.0,0.0,0.0,0.0
167,NbTaTiVW,0.0,0.0,0.0,0.0,0.0,0.0,0.0,20.0,20.0,0.0,20.0,0.0,0.0,0.0,0.0,0.0,0.0,0.0,0.0,0.0,0.0,0.0,20.0,20.0,0.1565225628885526,127.92792792792793,0.0,0.0,0.0,0.0,1.0,0.0,0.0,0.0,0.0,0.0,0.0,0.0
168,NbTiV0.3Zr,0.0,0.0,0.0,0.0,0.0,0.0,0.0,30.3030303,30.3030303,0.0,9.090909091,30.3030303,0.0,0.0,0.0,0.0,0.0,0.0,0.0,0.0,0.0,0.0,0.0,0.0,0.11080029524827434,133.23076923076923,1.0,0.0,0.0,0.0,0.0,0.0,0.0,0.0,0.0,0.0,0.0,0.0
169,NbTiV0.3Mo0.1Zr,0.0,0.0,0.0,0.0,0.0,0.0,2.941176471,29.41176471,29.41176471,0.0,8.823529412,29.41176471,0.0,0.0,0.0,0.0,0.0,0.0,0.0,0.0,0.0,0.0,0.0,0.0,0.11080029524827434,141.21212121212122,1.0,0.0,0.0,0.0,0.0,0.0,0.0,0.0,0.0,0.0,0.0,0.0
170,NbTiV0.3Mo0.3Zr,0.0,0.0,0.0,0.0,0.0,0.0,8.333333333,27.77777778,27.77777778,0.0,8.333333333,27.77777778,0.0,0.0,0.0,0.0,0.0,0.0,0.0,0.0,0.0,0.0,0.0,0.0,0.11080029524827434,192.94117647058823,1.0,0.0,0.0,0.0,0.0,0.0,0.0,0.0,0.0,0.0,0.0,0.0
171,NbTiV0.3Mo0.5Zr,0.0,0.0,0.0,0.0,0.0,0.0,13.15789474,26.31578947,26.31578947,0.0,7.894736842,26.31578947,0.0,0.0,0.0,0.0,0.0,0.0,0.0,0.0,0.0,0.0,0.0,0.0,0.11080029524827434,188.55072463768116,1.0,0.0,0.0,0.0,0.0,0.0,0.0,0.0,0.0,0.0,0.0,0.0
172,NbTiV0.3Mo0.7Zr,0.0,0.0,0.0,0.0,0.0,0.0,17.5,25.0,25.0,0.0,7.5,25.0,0.0,0.0,0.0,0.0,0.0,0.0,0.0,0.0,0.0,0.0,0.0,0.0,0.11080029524827434,202.25352112676057,1.0,0.0,0.0,0.0,0.0,0.0,0.0,0.0,0.0,0.0,0.0,0.0
173,NbTiV0.3MoZr,0.0,0.0,0.0,0.0,0.0,0.0,23.25581395,23.25581395,23.25581395,0.0,6.976744186,23.25581395,0.0,0.0,0.0,0.0,0.0,0.0,0.0,0.0,0.0,0.0,0.0,0.0,0.11080029524827434,199.31506849315068,1.0,0.0,0.0,0.0,0.0,0.0,0.0,0.0,0.0,0.0,0.0,0.0
174,NbTiV0.3Mo1.3Zr,0.0,0.0,0.0,0.0,0.0,0.0,28.26086957,21.73913043,21.73913043,0.0,6.52173913,21.73913043,0.0,0.0,0.0,0.0,0.0,0.0,0.0,0.0,0.0,0.0,0.0,0.0,0.11080029524827434,216.6216216216216,1.0,0.0,0.0,0.0,0.0,0.0,0.0,0.0,0.0,0.0,0.0,0.0
175,NbTiV0.3Mo1.5Zr,0.0,0.0,0.0,0.0,0.0,0.0,31.25,20.83333333,20.83333333,0.0,6.25,20.83333333,0.0,0.0,0.0,0.0,0.0,0.0,0.0,0.0,0.0,0.0,0.0,0.0,0.11080029524827434,210.13333333333333,1.0,0.0,0.0,0.0,0.0,0.0,0.0,0.0,0.0,0.0,0.0,0.0
176,NbTiVZr,0.0,0.0,0.0,0.0,0.0,0.0,0.0,25.0,25.0,0.0,25.0,25.0,0.0,0.0,0.0,0.0,0.0,0.0,0.0,0.0,0.0,0.0,0.0,0.0,0.11080029524827434,169.84615384615384,1.0,0.0,0.0,0.0,0.0,0.0,0.0,0.0,0.0,0.0,0.0,0.0
177,NbTiVZr,0.0,0.0,0.0,0.0,0.0,0.0,0.0,25.0,25.0,0.0,25.0,25.0,0.0,0.0,0.0,0.0,0.0,0.0,0.0,0.0,0.0,0.0,0.0,0.0,-0.86765623225368,170.0,1.0,0.0,0.0,0.0,0.0,0.0,0.0,0.0,0.0,0.0,0.0,0.0
178,NbTiV2Zr,0.0,0.0,0.0,0.0,0.0,0.0,0.0,20.0,20.0,0.0,40.0,20.0,0.0,0.0,0.0,0.0,0.0,0.0,0.0,0.0,0.0,0.0,0.0,0.0,-1.151134291623405,143.4375,1.0,0.0,0.0,0.0,0.0,0.0,0.0,0.0,0.0,0.0,0.0,0.0
179,CoCrCuFeMnNiTiV,12.5,12.5,12.5,0.0,0.0,12.5,0.0,0.0,12.5,0.0,12.5,0.0,12.5,12.5,0.0,0.0,0.0,0.0,0.0,0.0,0.0,0.0,0.0,0.0,0.11080029524827434,179.72602739726028,0.0,0.0,0.0,0.0,0.0,0.0,0.0,0.0,1.0,0.0,0.0,0.0
